data source,src_name,src_id,location/city,location/country,patner institution ,prj_name,latitude,longitude,geocoded,description,type,year_start,year_end,legend_y,cost,currency,funder,status,validation
,,,Kabul ,Afghanistan,Kabul University,,34.5152,69.1896,,,Confucius Institute,,,,,,,,
,,,Tirana,Albania,University of Tirana ,,41.3192378,19.8325659,,,Confucius Institute,,,,,,,,
,,,Luanda,Angola,Agostinho Neto University,,-8.9423358,13.281091,,,Confucius Institute,,,,,,,,
,,,Antigua and Barbuda,,,,,,,,,,,,,,,,
https://www.institutoconfucio.edu.ar/esp/instituto/,,,Buenos Aires,Argentina,Universidad de Buenos Aires,,-34.5998491,-58.3974476,,"The Confucius Institute of the University of Buenos Aires was inaugurated in 2009, being the first to be established in Argentina. It operates in cooperation with Jilin University, the Chinese International Education Foundation, and the Language Education and Cooperation Center.",Confucius Institute,2009,NA,,,,,operating,
https://china.aiddata.org/projects/44155/,,,La Plata,Argentina,"National University of La Plata
",,-34.9130727,-57.9515223,,"Confucius Institute at the National University of La Plata was set up on 1st September, 2010. Its partner Chinese institution is Xi'an International Studies University.",Confucius Institute,,,,,,Hanban (Confucius Institute Headquarters) [Government Agency],operating,
https://www.unc.edu.ar/english/confucius-institute-national-university-cordoba-was-opened,,,Cordoba,Argentina ,Universidad nacional de Cordoba ,,-31.4355141,-64.1856161,,,Confucius Institute,2020,,,,,,operating ,
https://brusov.am/en/page_list/confucius_institute/#sthash.tAebgnoc.dpbs,,,Yerevan ,Armenia,Brusov state university ,,40.187591,44.510512,,,Confucius Institute,,,,,,,,
,,,,,,,,,,,,,,,,,,,
https://confucius.adelaide.edu.au/,,,,Australia,University of Adelaide ,,-34.9205,138.6069,,"The Confucius Institute was officially launched in March 2007 by the then Federal Minister for Foreign Affairs the Hon. Alexander Downer.

2017 marked the 10th year anniversary of the establishment of the Confucius Institute at the University of Adelaide.

The establishment of the Confucius Institute with Shandong University consolidates longstanding ties with the University of Adelaide and coincides with the twentieth anniversary of the Sister State relationship between South Australia and Shandong Province.",Confucius Institute,,,,,,,,
https://www.cdu.edu.au/confucius-institute,,,Darwin,Australia,Charles Darwin University,,-12.377,130.872,,"The Confucius Institute is a partnership between Charles Darwin University, Anhui Normal University and Hainan University. Officially opened on 31 July 2012 to develop and deliver a range of programs to enhance awareness and understanding of the Chinese language and culture among the local community and foster Chinese and Australian cultural and economic links. 
",Confucius Institute,,,,,,,,
https://www.smh.com.au/politics/federal/china-backed-confucius-institutes-face-closure-under-veto-laws-20210423-p57lvo.html,,,Melbourne ,Australia,Royal Melbourne Institute of Technology,,-37.808455,144.963326,,,Confucius Institute,,,,,,,supposed to close in 2021,
,,,,Australia,Tourism Confucius Institute at Griffith University,,-27.967716,153.382006,,"The Tourism Confucius Institute at Griffith University was established in 2011 under an agreement between Griffith University, the Office of Chinese Language Council International in China and the China University of Mining and Technology.
",Confucius Institute,,,,,,,,
,,,,Australia, University of Queensland,,-27.4975,153.0134,,"The Confucius Institute at The University of Queensland was established in 2009 under an agreement between UQ and the Office of Chinese Language Council International (Hanban). At the heart of the agreement is our partnership with Tianjin University, one of the oldest and best universities in modern China.",Confucius Institute,,,,,,,,
,,,,Australia,Queensland University of Technology,,-27.4769,153.0281,,,,,,,,,,,
https://www.confuciusinstitute.unimelb.edu.au/?q=confuciusinstitute-aboutus,,,,Australia,University of Melbourne,,-37.7977,144.9614,,"Confucius Institute at the University of Melbourne has a focus on corporate sector engagement and seeks to equip Victorians with the language and cultural skills necessary for building lasting relationships with Chinese stakeholders. Since the establishment, the Confucius Institute has provided services and training to a range of organisations, corporations and professionals.",Confucius Institute,,,,,,,,
https://www.latrobe.edu.au/confucius-institute,,,,Australia, La Trobe University,,-37.7204,145.0488,,,Confucius Institute,,,,,,,,
https://www.newcastle.edu.au/engage/school-and-community-programs/confucius-institute,,,,Australia,University of Newcastle,,-32.896554,151.700913,,"Established in 2011, the Confucius Institute at the University of Newcastle is part of a wider global Confucius Institute Network within the education sector. Supported by our partner “Central China Normal University” in Wuhan, P.R. China, the Institute is dedicated to developing a range of initiatives to facilitate learning of Chinese language and culture.
",Confucius Institute,,,,,,,,
https://www.vu.edu.au/victoria-business-confucius-institute-vbci,,,,Australia,Victoria Business Confucius Institute,,-37.797,144.9,,"VU and University of International Business and Economics' (UIBE) long-standing exchange partnership dates back to 2002. The institutes co-established VBCI on November 26, 2015 to facilitate cultural and business exchange between the two universities and the two countries.

The VBCI is the first business Confucius Institute in Victoria, and the ninth Confucius Institute of  UIBE. The VBCI brings a unique business focus that complements other Confucius Institutes in Melbourne.

The VBCI is based at VU’s Footscray Park Campus.",Confucius Institute,,,,,,,,
https://www.sydney.edu.au/confucius-institute/,,,,Australia, the University of Sydney,,-33.8886,151.1949,,"The University of Sydney Confucius Institute was established in 2008 to cultivate a better understanding of Chinese culture in Australia. In the last 10 years we have focused on promoting Chinese language teaching and community outreach programs, including public lectures and cultural events that engage with China’s long history and cultural diversity from a variety of standpoints.",Confucius Institute,,,,,,,,
https://www.uwa.edu.au/about-us/schools/confucius-institute,,,,Australia, University of Western Australia,,-31.9813,115.8189,,"The Confucius Institute at The University of Western Australia teaches Chinese language and provides cultural training.

In 2005, it became the first Confucius Institute to be established in Australia. ",Confucius Institute,,,,,,,,
https://www.confuciusinstitute.unsw.edu.au/about-us,,,,Australia,University of New South Wales,,-33.9172,151.2305,,"The Confucius Institute at UNSW was founded in 2007 as a joint venture between UNSW Australia and Shanghai Jiao Tong University.
",Confucius Institute,,,,,,,,
https://www.agps.vic.edu.au/l-o-t-e,,,,Australia,Aspendale Gardens Primary School,,-38.0221,145.1255,,,classroom,,,,,,,,
,,,,Australia,Bendigo Senior Secondary College,,-36.759,144.2794,,,classroom,,,,,,,,
,,,,Australia,Mount Clear College,,-37.6091,143.8835,,,classroom,,,,,,,,
,,,,Australia,Penleigh and Essendon Grammar School,,-37.7358,144.9091,,,classroom,,,,,,,,
,,,,Australia,Scotch Oakburn College,,-41.4496,147.1322,,,classroom,,,,,,,,
,,,,Australia,Sydney Jacaranda Confucius Classroom,,-33.876668,151.208349,,,classroom,,,,,,,,
https://kzxy.bfsu.edu.cn/info/1088/1255.htm,,,,Austria , University of Vienna,,48.213066,16.36117,,"
Established on September 25th, 2006, the Confucius Institute at the University of Vienna was jointly built by Beijing Foreign Studies University and the University of Vienna. It is the first Confucius Institute in Austria.
",Confucius Institute,,,,,,,,
,,,,Austria ,University of Graz,,47.074811,15.451766,,,Confucius Institute,,,,,,,,
,,,,Austria ,Confucius Classroom at Vienna Chinese School,,48.165373,16.37724,,,classroom,,,,,,,temporarily closed ,
"https://adu.edu.az/en/adu-haqqinda/institutlar/300.html#:~:text=Confucius%20Institute%20at%20Azerbaijan%20University%20of%20Languages%20was%20established%20to,stimulate%20interest%20in%20Chinese%20culture.",,,,Azerbaijan ,Confucius Institute at Azerbaijan University of Languages,,40.39504,49.860609,,The agreement on the establishment of Confucius Institute at Azerbaijan University of Languages was approved by the Chinese National Office for Teaching Chinese as a Foreign Language (Hanban) of the People’s Republic of China on 11 November 2015. ,Confucius Institute,,,,,,,,
http://bsu.edu.az/en/news/bsu_and_anhui_university_signe_cooperation_agreement,,,,Azerbaijan ,Confucius Institute at Baku State University,,40.374358,49.81132,,"Baku State University (BSU) and Anhui University, China have signed a Cooperation Agreement with the Confucius Institute in 2021.",Confucius Institute,,,,,,,,
,,,,Bahamas,Confucius Institute at University of The Bahamas,,26.524852,-78.698061,,"The Confucius Institute at University of the Bahamas (CIUB), officially launched in 2009, advances UB’s mission to promote values of learning, publicly engaged scholarship, and service. ",Confucius Institute,,,,,,,,
https://www.uob.edu.bh/our-centers/confucius-institute/,,,,Bahrain,Confucius Institute at University of Bahrain,,26.193113,50.480276,,"The establishment of the Confucius Institute at the University of Bahrain is the result of the visit of H.M. King Hamad bin Isa AI Khalifa, King of Bahrain, to the People’s Republic of China in September 2013, during which a memorandum of understanding was signed to establish a branch of the institute at the University of Bahrain in collaboration with Shanghai University, China. ",Confucius Institute,,,,,,,,
https://www.facebook.com/cinsubd/,,,,Bangladesh ,Confucius Institute at North South University,,23.815356,90.42637,,,Confucius Institute,,,,,,,,
https://du.ac.bd/body/about/CIST,,,,Bangladesh ,Confucius Institute at University of Dhaka,,23.733942,90.393448,,,Confucius Institute,,,,,,,,
http://bd.china-embassy.gov.cn/eng/zmjw/202311/t20231123_11185955.htm,,,,Bangladesh ,Shanto-Mariam – Honghe Confucius Classroom,,23.848606,90.370917,,"The Shanto Mariam-Honghe Confucius Classroom was officially unveiled in Dhaka on November 22, with a ceremony attended by over 100 individuals. Among the distinguished guests were H.E. Mr. Yao Wen, Ambassador of China to Bangladesh, Dr. Md Nazrul Islam, Additional Foreign Secretary of the Ministry of Foreign Affairs of Bangladesh, Mr. Yue Liwen, Cultural Counsellor of the Chinese Embassy, Prof. Hong Bo, Chairman of Honhhe University Council, Prof. Mustafizul Hoque, Chairman of the Board of Trustees of Shanto Mariam University of Creative Technology, Prof. Md Shaa-e-Alam, Vice-Chancellor of SMUCT, as well as SMUCT faculty and individuals from Chinese enterprises in Bangladesh and the overseas Chinese community.",classroom,,,,,,,,
https://www.cavehill.uwi.edu/confucius/home.aspx,,,,Barbados,"Confucius Institute at the University of the West Indies, Cave Hill Campus",,13.135534,-59.629586,,"From its establishment on April 20, 2015, the CI has reflected the steadfast commitment of the campus to the mutual goals of educational cooperation as agreed in the Memorandum of Understanding of July 7, 2014 between the CI Headquarters and the Cave Hill Campus. This has enabled the CI to equip generations of students with the knowledge to both see China as a viable option for pursuing their life objectives and with the tools to do so.",Confucius Institute,,,,,,,,
,,,,Belarus ,Science and Technology Confucius Institute at Belarusian National Technical University,,53.920979,27.593466,,,Confucius Institute,,,,,,,,
https://bsu.by/en/structure/faculties/respublikanskiy-institut-kitaevedeniya-imeni-konfutsiya-d/about,,,,Belarus ,Confucius Institute at Belarusian State University,,53.8996,27.5615,,,Confucius Institute,2006,,,,,,,
,,,,Belarus ,Confucius Institute at Belarusian State University of Physical Culture,,53.9256,27.6706,,,Confucius Institute,,,,,,,,
,,,,Belarus ,Confucius Institute at Francisk Skorina Gomel State University,,52.4379,31.0144,,,Confucius Institute,,,,,,,,
https://www.digmandarin.com/vk.com/cibrsu,,,,,Confucius Institute at Brest State A.S. Pushkin University,,52.098365,23.69386,,,Confucius Institute,,,,,,,,
,,,,,Confucius Institute at Minsk State Linguistic University,,53.907212,27.577642,,,Confucius Institute,,,,,,,,
,,,,,Confucius Classroom at Baranovichi State University,,53.125209,26.039881,,,classroom,,,,,,,,
,,,,,Secondary School No.44 Vitebsk,,55.198,30.259061,,,Confucius Institute,,,,,,,,
https://www.belchin.be/language/zh/,,,Brussels ,Belgium,Confucius Institute at ULB University,,50.809665,4.38238,,,Confucius Institute,,,,,,,permanently closed,
,,,,,Confucius Institute in Liege,,50.635715,5.567186,,,Confucius Institute,,,,,,,,
,,,,,Confucius Institute at Howest University of Applied Science,,51.214929,3.221241,,,Confucius Institute,,,,,,,,
,,,,,Confucius Institute at Group T-Academy,,50.875024,4.707518,,,Confucius Institute,,,,,,,,
,,,,Benin,Confucius Institute at University of Abomey-Calavi,,6.45046,2.346569,,,Confucius Institute,,,,,,,,
,,,,Bolivia,Confucius Institute at the Univerisity of San Simon,,-17.392092,-66.144046,,,Confucius Institute,,,,,,,,
,,,,Bosnia and Herzegovina,Confucius Institute at University of Sarajevo,,43.857743,18.397576,,,Confucius Institute,,,,,,,,
,,,,Bosnia and Herzegovina,Confucius Institute at University of Banja Luka,,44.775644,17.207363,,,Confucius Institute,,,,,,,,
,,,,Botswana,Confucius Institute at the University of Botswana,,-24.659566,25.929302,,,Confucius Institute,,,,,,,,
,,,,Brazil,Business Confucius Institute at FAAP,,-23.54459,-46.662653,,,Confucius Institute,,,,,,,,
,,,,Brazil,Confucius Institute at University of Brasilia,,-15.7615,-47.8738,,,Confucius Institute,,,,,,,,
,,,,Brazil,Confucius Institute at the University of Pernambuco,,-8.0578,-34.8829,,,Confucius Institute,,,,,,,,
,,,,Brazil,Confucius Institute at the State University of Campinas,,-22.816291,-47.071027,,,Confucius Institute,,,,,,,,
,,,,Brazil,Confucius Institute for Chinese Medicine at the Federal University of Goiás,,-16.6012,-49.2627,,,Confucius Institute,,,,,,,,
,,,,Brazil,Confucius Institute at Pontifical Catholic University of Rio de Janeiro,,-22.979882,-43.233019,,,Confucius Institute,,,,,,,,
,,,,Brazil,Confucius Institute at the Federal University of Minas Gerais,,-19.870638,-43.967796,,,Confucius Institute,,,,,,,,
,,,,Brazil,Confucius Institute at the State University of Pará,,-1.437202,-48.488498,,,Confucius Institute,,,,,,,,
,,,,Brazil,Confucius Institute at Federal University of Rio Grand Do Sul,,-30.071658,-51.119563,,,Confucius Institute,,,,,,,,
,,,,Brazil,Confucius Institute at the Federal University of Ceará,,-3.7471,-38.5748,,,Confucius Institute,,,,,,,,
https://eng.hubu.edu.cn/info/1027/1027.htm,,,,Brazil,Confucius Institute at São Paulo State University,,-23.590763,-46.610237,,"Part of a network of more than 600 Confucius Institutes distributed in more than 140 countries, the Confucius Institute at Unesp, the first one established in Brazil, was established through an agreement between São Paulo State University - Unesp and the Confucius Institute Headquarters in Beijing, with the pedagogical support of Hubei University, China.",Confucius Institute,,,,,,,,
https://centrodelinguas.uff.br/confucius/,,,,Brazil,Confucius Classroom at Federal Fluminense University,,-22.9018,-43.1818,,"The Confucius Classroom at UFF  is the result of a partnership between UFF, Hebei Normal University and the Confucius Institute ,  which seeks to bring China and Brazil closer together through the teaching and dissemination of the Chinese language and culture.",classroom,,,,,,,,
,,,,Bulgaria,Confucius Institute at St. Cyril and St. Methodius University of Veliko Turnovo,,43.0818,25.6318,,,Confucius Institute,,,,,,,,
https://www.digmandarin.com/www.confuciusinstitute.bg,,,,Bulgaria,Confucius Institute in Sofia,,42.6977,23.3219,,,Confucius Institute,,,,,,,,
,,,,,Confucius Institute at Nazi Boni University,,11.183333,-4.283333,,,Confucius Institute,,,,,,,,
https://www.ub.edu.bi/?p=6467,,,,Burundi,Confucius Institute at University of Burundi,,-3.374,29.365,,,Confucius Institute,,,,,,,,
,,,,,,,,,,,,,,,,,,,
,,,,Cambodia,Confucius Institute at Cambodia University of Technology and Science,,11.5728,104.8883,,,Confucius Institute,,,,,,,,
https://www.digmandarin.com/www.cinubb.com,,,,,Confucius Institute at University of Battambang,,13.0972,103.2016,,,Confucius Institute,,,,,,,,
,,,,,Confucius Institute of Royal Academy of Cambodia,,11.560662,104.863741,,,Confucius Institute,,,,,,,,
,,,,Cameroon,Confucius Institute at the University of Yaounde Ⅱ,,3.964873,11.588402,,,Confucius Institute,,,,,,,,
,,,,Canada,Confucius Institute in Edmonton,,53.566744,-113.561319,,,Confucius Institute,,,,,,,,
,,,,Canada,Confucius Institute in Coquitlam,,49.2467,-122.8951,,,Confucius Institute,,,,,,,,
,,,,Canada,Confucius Institute at BCIT,,49.280028,-123.119853,,,Confucius Institute,,,,,,,permanently closed,
,,,,Canada,Confucius Institute in Waterloo,,43.4723,-80.5449,,,Confucius Institute,,,,,,,,
,,,,Canada,Confucius Institute at Carleton University,,45.3875,-75.6961,,,Confucius Institute,,,,,,,,
,,,,Canada,Confucius Institute in Quebec,,45.489924,-73.587104,,,Confucius Institute,,,,,,,,
,,,,Canada,Confucius Institute at University of Saskatchewan,,52.1326,-106.6369,,,Confucius Institute,,,,,,,,
,,,,Canada,Confucius Institute at University of Regina,,50.4167,-104.5856,,,Confucius Institute,,,,,,,,
https://www.senecacollege.ca/about/confucius-institute.html,,,,Canada,Confucius Institute at Seneca College,,43.7963,-79.3496,,,Confucius Institute,,,,,,,,
,,,,Canada,Confucius Institute at Saint Mary’s University,,44.6384,-63.5936,,,Confucius Institute,,,,,,,,
,,,,Canada,Confucius Institute in New Brunswick,,45.9475,-66.6415,,,Confucius Institute,,,,,,,,
,,,,Cape Verde,Confucius Institute at University of of Cape Verde,,14.9226,-23.5114,,,Confucius Institute,,,,,,,,
,,,,Central african republic,Confucius Institute at University of Bangui,,4.37777,18.561655,,,Confucius Institute,,,,,,,,
,,,,Chad,Confucius Institute at University of N’djamena,,12.119187,14.980605,,,Confucius Institute,,,,,,,,
,,,,chile ,Confucius Institute at the University of La Frontera,,-38.7396,-72.6085,,,Confucius Institute,,,,,,,,
,,,,chile,Confucius Institute at University of Saint Thomas,,-33.4532,-70.6436,,,Confucius Institute,,,,,,,,
,,,,chile,Confucius Institute at Catholic University,,-33.4489,-70.6763,,,Confucius Institute,,,,,,,,
,,,,Colombia,Confucius Institute at the University of Los Andes,,-33.4037,-70.5038,,,Confucius Institute,,,,,,,,
https://www.utadeo.edu.co/es/micrositio/instituto-confucio,,,,Colombia,Confucius Institute at Jorge Tadeo Lozano University,,4.591,-74.0747,,,Confucius Institute,,,,,,,,
,,,,Colombia,Confucius Institute in Medellin,,6.2666,-75.5788,,,Confucius Institute,,,,,,,,
,,,,Colombia,Confucius Classroom at Colegio Nueva Granada,,4.6971,-74.0389,,,Confucius Institute,,,,,,,,
,,,,Comoros,Confucius Institute at University of Comores,,-11.7107,43.2361,,,Confucius Institute,,,,,,,,
,,,,Costa Rica,Confucius Institute at the University of Costa Rica,,9.9375,-84.051,,,Confucius Institute,,,,,,,,
,,,,Cote d'Ivoire,Confucius Institute at University of Felix Houphouette Boigny,,5.3374,-4.0249,,,Confucius Institute,,,,,,,,
,,,,Croatia,Confucius Institute at University of Zagreb,,45.8125,15.9769,,,Confucius Institute,,,,,,,,
,,,,Cuba,Confucius Institute at the University of Havana,,23.1235,-82.3885,,,Confucius Institute,,,,,,,,
,,,,Cyprus,Confucius Institute at University of Cyprus,,35.1549,33.4116,,,Confucius Institute,,,,,,,,
,,,,,,,,,,,,,,,,,,,
https://www.konfucius-vsfs.cz/,,,,Czech Republic,Confucius Institute at University of Finance and Administration,,50.0452,14.4426,,,Confucius Institute,,,,,,,,
https://konfucius.upol.cz/,,,,Czech Republic,Confucius Institute at Palacký University,,49.5958,17.2518,,,Confucius Institute,,,,,,,,
,,,,Czech Republic,"Confucius Classroom at Technical University of Ostrava,Czech",,49.8305,18.1586,,,classroom,,,,,,,,
,,,,Czech Republic,Confucius Classroom at Institute of Technology and Business in České Budějovice,,48.9746,14.4901,,,classroom,,,,,,,,
,,,,,,,,,,,,,,,,,,,
,,,,Democratic Republic of the Congo,Confucius Institute at Congolese Diplomatic Academy,,-4.3048,15.2977,,,Confucius Institute,,,,,,,,
https://www.iba.dk/fuldtidsuddannelser/confucius-institute,,,,Denmark,"Confucius Institute at International Business Academy, Denmark",,55.6825,12.5695,,,Confucius Institute,,,,,,,,
,,,,Denmark,Confucius Classroom at Next Education–Ballerup,,55.7317,12.3837,,,classroom,,,,,,,,
https://www.facebook.com/watch/100085445985432/?paipv=0&eav=Afbg9IETo_x7jnUNPpgu-Qln1uOi-BHc6QQxCpDOqXclxMju30B7AGJm731xQCSznTM,,,,Djibouti,Institut Confucius de Djibouti,,11.5988,43.147,,,Confucius Institute,,,,,,,,
,,,,Dominica,Confucius Institute at Santo Domingo Institute of Technology,,18.479,-69.9355,,,Confucius Institute,,,,,,,,
,,,,Dominica,Confucius Classroom at Dominica State College,,15.3072,-61.3812,,,Confucius Institute,,,,,,,,
https://www.facebook.com/iconfucioecuador,,,,Ecuador,Confucius Institute at San Francisco University of Quito,,-0.1706,-78.4927,,,Confucius Institute,,,,,,,,
,,,,Ecuador,Confucius Classroom at Siyuan Chinese Language Academy,,-0.183885,-78.491609,,,classroom,,,,,,,,
,,,,Egypt,Confucius Institute at Ain Shams University,,30.0611,31.2859,,,Confucius Institute,,,,,,,,
,,,,Egypt,Confucius Institute at Suez Canal University,,30.5877,32.2646,,,Confucius Institute,,,,,,,,
,,,,Egypt,Confucius Institute at Cairo University,,30.0275,31.2859,,,Confucius Institute,,,,,,,,
,,,,Egypt,Confucius Institute at Alexandria University,,31.2001,29.9187,,,Confucius Institute,,,,,,,,
,,,,Egypt,Confucius Classroom at Luxor University,,25.6872,32.6437,,,classroom,,,,,,,,
,,,,Egypt,Chinese Egyptian University,,30.11112,31.327301,,,university,,,,,,,,
,,,,Egypt,Confucius Classroom at Neil Thematic Channel,,,,,,classroom,,,,,,,,
,,,,El Salvador,Confucius Institute at the University of El Salvador,,13.7094,-89.2138,,,Confucius Institute,,,,,,,,
,,,,Equatorial Guinea,Confucius Institute at National University of Equatorial Guinea,,3.7517,8.7838,,,Confucius Institute,,,,,,,,
,,,,Eritrea,Confucius Institute at National Higher Education and Research Institute,,,,,,Confucius Institute,,,,,,,,
,,,,Estonia,Confucius Institute at Tallinn University,,59.4352,24.7508,,,Confucius Institute,,,,,,,,
,,,,Ethiopia,Confucius Institute at Ethiopian Technical University,,9.0192,38.7479,,,Confucius Institute,,,,,,,,
,,,,Ethiopia,Confucius Institute at Addis Ababa University,,9.0241,38.7465,,,Confucius Institute,,,,,,,,
,,,,Fiji,Confucius Institute at the University of the South Pacific,,-18.1448,178.4317,,,Confucius Institute,,,,,,,,
,,,,France,Confucius Institute in Artois,,50.283682,2.792561,,,Confucius Institute,,,,,,,,
https://ebci.eu/,,,,France,European Confucius Institute at ESCP Business School,,48.864577,2.381595,,,Confucius Institute,,,,,,,,
,,,,France,Institut Confucius d’Alsace,,48.589268,7.750444,,,Confucius Institute,,,,,,,,
,,,,France,Confucius Institute at the University of Orléans,,47.845301,1.933882,,,Confucius Institute,,,,,,,,
,,,,France,Confucius Institute at Université de Paris,,48.829696,2.381367,,,Confucius Institute,,,,,,,,
,,,,France,Confucius Institute at Pau,,43.296156,-0.366836,,,Confucius Institute,,,,,,,,
,,,,France,Confucius Institute at University of French Polynesia,,48.111,-1.6794,,,Confucius Institute,,,,,,,,
,,,,France,Institut Confucius de Bretagne,,48.1149,-1.6787,,,Confucius Institute,,,,,,,,
,,,,France,Institut Confucius Auvergne-Rhône-Alpes,,45.7489,4.8468,,,Confucius Institute,,,,,,,,
,,,,France,Confucius Institute in La Rochelle,,46.1603,-1.1511,,,Confucius Institute,,,,,,,,
,,,,France,Confucius Institue of Reunion Island,,-21.1151,55.5364,,,Confucius Institute,,,,,,,,
,,,,France,Confucius Institute at University of Lorraine,,48.6842,6.1714,,,Confucius Institute,,,,,,,,
,,,,France,Confucius Institute at Pays de la Loire,,47.4808,-0.5626,,,Confucius Institute,,,,,,,,
,,,,France,Institut Confucius à Montpellier,,43.6119,3.8772,,,Confucius Institute,,,,,,,,
,,,,France,NEOMA Confucius Institute for Business at NEOMA Business School,,49.2713,4.0248,,,Confucius Institute,,,,,,,,
https://www.ic-up.org/ICUP,,,,France,Confucius Institute at the University of Poitiers,,46.5828,0.338,,,Confucius Institute,,,,,,,,
,,,,France,Confucius Institute Cote d ‘Azur,,43.69263,7.236659,,,Confucius Institute,,,,,,,,
,,,,France,Confucius Classroom at Association des Amis de Nouvelle d’Europe,,43.604528,3.898016,,,classroom,,,,,,,,
,,,,Gabon,Confucius Institute at Omar Bongo University,,0.416721,9.446849,,,Confucius Institute,,,,,,,,
https://www.utg.edu.gm/utg-inaugurates-confucius-institute/,,,,Gambia,Confucius Institute at University of the Gambia,,13.4527,-16.578,,,Confucius institute,,,,,,,,
,,,,Georgia,Confucius Institute at Free University of Tbilisi,,41.7014,44.772,,,Confucius institute,,,,,,,,
,,,,Georgia,Confucius Institute at Tbilisi Open Teaching University,,41.7096,44.8114,,,Confucius institute,,,,,,,,
https://www.unik.edu.ge/Services/162,,,,Georgia,Confucius Classroom at Kutaisi University,,42.2503,42.6965,,"“The Confucius Institute at Kutaisi University (Unik) will open in September 2021 and would allow Georgian students to study the Chinese language, engage in educational exchange projects and share Chinese culture"". ",classroom,,,,,,,,
,,,,Germany,Audi Ingolstadt Confucius Institute,,48.766937,11.432809,,,Confucius institute,,,,,,,,
,,,,Germany,Confucius Institute at Erfurt University of Applied Sciences,,50.984836,11.045305,,,Confucius institute,,,,,,,,
,,,,Germany,Confucius Institute at the Free University of Berlin,,52.4522,13.2895,,,Confucius institute,,,,,,,,
,,,,Germany,Confucius Institute Bonn,,50.7331,7.0991,,,Confucius institute,,,,,,,,
,,,,Germany,Confucius Institute in Bremen,,53.0769,8.8074,,,Confucius institute,,,,,,,,
,,,,Germany,Confucius Institute Metropole Ruhr at the University of Duisburg-Essen,,51.4579,7.0114,,,Confucius institute,,,,,,,,
,,,,Germany,Confucius Institute at Duesseldorf,,51.2254,6.7762,,,Confucius institute,,,,,,,,
,,,,Germany,Confucius Institute at Frankfurt University,,50.1205,8.6568,,,Confucius institute,,,,,,,,
,,,,Germany,Confucius Institute at the University of Freiburg,,47.9989,7.8481,,,Confucius institute,,,,,,,,
,,,,Germany,Confucius Institute at Heidelberg University,,49.4094,8.6947,,,Confucius institute,,,,,,,,
,,,,Germany,Academic Confucius Institute at University of Gottingen,,51.5374,9.9327,,,Confucius institute,,,,,,,,
,,,,Germany,Confucius Institute in Hamburg,,53.5575,9.989,,,Confucius institute,,,,,,,,
,,,,Germany,Leiboiz-Confucius Institute Hannover,,52.3759,9.732,,,Confucius institute,,,,,,,,
,,,,Germany,Confucius Institute at the University of Leipzig,,51.3401,12.3811,,,Confucius institute,,,,,,,,
,,,,Germany,Confucius Institute in Nürnberg-Erlangen,,49.4544,11.0775,,,Confucius institute,,,,,,,,
,,,,Germany,Confucius Institute Munich,,48.149,11.5805,,,Confucius institute,,,,,,,,
,,,,Germany,Confucius Institute at University of Paderborn,,51.7239,8.7548,,,Confucius institute,,,,,,,,
,,,,Germany,Confucius Institute in Stralsund,,54.3094,13.0818,,,Confucius institute,,,,,,,,
,,,,Germany,Confucius Institute Trier,,49.7544,6.6406,,,Confucius institute,,,,,,,,
,,,,Germany,Confucius Classroom at Gymnasium Ernestinum,,51.5054,11.961,,,classroom,,,,,,,,
,,,,Germany,Confucius Classroom at Hanhua Chinesich-Schule,,51.0459,13.7308,,,classroom,,,,,,,,
,,,,Ghana,Confucius Institute at the University of Cape Coast,,5.1063,-1.2466,,,Confucius institute,,,,,,,,
,,,,Ghana,Confucius Institute at the University of Ghana,,5.6354,-0.181,,,Confucius institute,,,,,,,,
,,,,Greece,Confucius Institute at University of Thessaly,,39.6398,22.4197,,,Confucius institute,,,,,,,,
,,,,Greece,Business Confucius Institute in Athens,,37.9842,23.7294,,,Confucius institute,,,,,,,,
,,,,Greece,Confucius Institute at Aristotle University of Thessaloniki,,40.6342,22.9386,,,Confucius institute,,,,,,,,
,,,,Grenada,Confucius Institute at the University of La Frontera,,-38.7396,-72.6085,,,Confucius institute,,,,,,,,
,,,,Grenada,Confucius Institute at University of Saint Thomas,,,,,,Confucius institute,,,,,,,,
,,,,Grenada,Confucius Institute at Catholic University,,,,,,Confucius institute,,,,,,,,
,,,,Guinea,Confucius Institute at Gamal Abdel Nasser University of Conakry,,9.5375,-13.6943,,,Confucius institute,,,,,,,,
,,,,Guyana,Confucius Institute at the University of Guyana,,6.7996,-58.1646,,,Confucius institute,,,,,,,,
,,,,Haiti,Confucius Classroom at University Quisqueya,,18.4543,-69.9441,,,classroom,,,,,,,,
,,,,Hong Kong China,Confucius Institute of Hong Kong,,22.4162,114.2093,,,Confucius institute,,,,,,,,
,,,,Hungary,Confucius Institute at University of Debrecen,,47.5316,21.6273,,,Confucius institute,,,,,,,,
,,,,Hungary,Confucius Institute at Eötvös Loránd University,,47.481,19.0625,,,Confucius institute,,,,,,,,
,,,,Hungary,Confucius Institute at University of Miskolc,,48.1054,20.79,,,Confucius institute,,,,,,,,
,,,,Hungary,Confucius Institute at University of Szeged,,46.253,20.1414,,,Confucius institute,,,,,,,,
,,,,Hungary,Confucius Institute for Traditional Chinese Medicine at University of Pecs,,46.0748,18.2275,,,Confucius institute,,,,,,,,
,,,,Hungary,Confucius Classroom at Hungarian-Chinese Bilingual School,,47.501944,19.128333,,,classroom,,,,,,,,
,,,,Iceland,Northern Light Confucius Institute,,64.127,21.9026,,,Confucius institute,,,,,,,,
,,,,india,Confucius Institute at University of Mumbai,,19.07052,72.857666,,,Confucius institute,,,,,,,,
,,,,india,Confucius Institute at VIT University,,12.969611,79.155915,,,Confucius institute,,,,,,,,
,,,,india,Confucius Classroom at the school of Chinese Language in Kolkata,,22.514845,88.327736,,,classroom,,,,,,,,
,,,,indonesia ,Pusat Bahasa Mandarin at University of Al Azhar Indonesia,,6.23,106.8,,,mandarin at university,,,,,,,,
,,,,indonesia ,Confucius Institute at Universitas Tanjungpura,,-0.043046,109.336052,,,Confucius institute,,,,,,,,
,,,,indonesia ,Confucius Institute at Hasanuddin University,,-5.119601,119.412673,,,Confucius institute,,,,,,,,
,,,,indonesia ,Confucius Institute at Universitas Kristen Maranatha,,-7.558593,110.831041,,,Confucius institute,,,,,,,,
,,,,indonesia ,Confucius Institute at Universitas Sebelas Maret,,-7.559651,110.856431,,,Confucius institute,,,,,,,,
,,,,indonesia ,Pusat Bahasa Mandarin at Malang State University,,-7.9639,112.618985,,,mandarin at university,,,,,,,,
,,,,indonesia ,Pusat Bahasa Mandarin at Universitas Negeri Surabaya,,-7.30092,112.669661,,,mandarin at university,,,,,,,,
,,,,indonesia ,Tourism Confucius Institute at Udayana University,,-8.671398,115.218683,,,Confucius institute,,,,,,,,
,,,,Iran ,Confucius Institute at University of Tehran,,35.708442,51.415275,,,Confucius institute,,,,,,,,
,,,,Iran ,Confucius Institute at the University of Mazandaran,,36.713332,52.689514,,,Confucius institute,,,,,,,,
,,,,Ireland,"Confucius Institute at University College Dublin, Ireland",,53.30608,-6.218046,,,Confucius institute,,,,,,,,
,,,,Ireland,Confucius Institute at University College Cork in Ireland,,51.889529,-8.490664,,,Confucius institute,,,,,,,,
,,,,Ireland,Chinese and Regenerative Medicine Confucius Institute at National University of Ireland Galway,,53.279001,-9.061751,,,Confucius institute,,,,,,,,
,,,,Israel,Confucius Institute at Tel Aviv University,,32.111872,34.804404,,,Confucius institute,,,,,,,,
,,,,Israel,Confucius Institute at Hebrew University of Jerusalem,,31.794284,35.24138,,,Confucius institute,,,,,,,,
https://www.istitutoconfucio.it/,,,Rome,Italy,Roma La Sapienza University,,41.89608397,12.50525552,,"The Confucius Institute was established in Rome in 2006 thanks to the Department of the Italian Institute of Oriental Studies (ISO), in collaboration with the University of Foreign Languages ​​in Beijing (BFSU), and the support of the Hanban (National Office for Teaching of Chinese as a foreign language). It was the first Confucius Institute to be founded in Italy and the second in Europe, with the aim of promoting cultural exchanges between the two countries and organizing cultural activities, conferences, exhibitions and shows.

Training and refresher courses are held annually at the institute for teaching Chinese as a foreign language. The Confucius Institute also offers scholarships and study stays at leading Chinese universities.

It is also home to the international language proficiency exam HSK (Chinese Proficiency Test) and HSKK (HSK Speaking Test).",Confucius Institute,2006,NA,,,, Office of Chinese Language Council International/Chinese Ministry of Education,Operating,
,,,,Italy,Confucius Institute in Pisa,,43.7142,10.4012,,,Confucius institute,,,,,,,,
,,,,Italy,Confucius Institute at the University of Bologna,,44.4944,11.3465,,,Confucius institute,,,,,,,,
,,,,Italy,Confucius Institute at University of Turin,,45.0671,7.6781,,,Confucius institute,,,,,,,,
,,,,Italy,"Confucius Institute at University of Enna “Kore”
",,37.559469,14.293391,,,Confucius institute,,,,,,,,
,,,,Italy,Confucius Institute at the University of Florence,,,,,,Confucius institute,,,,,,,,
,,,,Italy,Confucius Institute at University of Macerata,,,,,,Confucius institute,,,,,,,,
,,,,Italy,Confucius Institute at Sapienza University of Rome,,41.897694,12.469215,,,Confucius institute,,,,,,,,
,,,,Italy,Confucius Institute at the University of Milan,,45.521657,9.233142,,,Confucius institute,,,,,,,,
,,,,Italy,Confucius Institute at Università Cattolica del Sacro Cuore,,,,,,Confucius institute,,,,,,,,
,,,,Italy,Confucius Institute at Oriental University of Napoli,,40.845272,14.260518,,,Confucius institute,,,,,,,,
,,,,Italy,Confucius Institute at the University of Padova,,45.413893,11.871751,,,Confucius institute,,,,,,,,
,,,,Italy,Confucius Institute at Ca’ Foscari University of Venice,,45.435509,12.326482,,,Confucius institute,,,,,,,,
,,,,Italy,Confucius Classroom at Gorizia Province National High School Education Academy,,,,,,classroom,,,,,,,,
,,,,Italy,Confucius Classroom at Convitto Nazionale Marco Foscarini,,45.443798,12.337828,,,classroom,,,,,,,,
,,,,Jamaica ,"Confucius Institute at the University of the West Indies, Mona Campus",,18.002527,-76.744736,,,Confucius institute,,,,,,,,
,,,,Japan,Confucius Institute at Hokuriku University,,36.52509,136.707945,,,Confucius institute,,,,,,,,
https://www.aichi-u.ac.jp/english/academics/mcs,,,,Japan,Confucius Institute at Aichi University,,,,,,Confucius institute,,,,,,,,
,,,,Japan,Confucius Institute at Osaka Sangyo University,,34.70778,135.644191,,,Confucius institute,,,,,,,,
,,,,Japan,Confucius Institute at Fukuyama University,,34.490249,133.363002,,,Confucius institute,,,,,,,,
,,,,Japan,Confucius Institute at Okayama Shoka University,,34.683375,133.901354,,,Confucius institute,,,,,,,,
,,,,Japan,Confucius Institute at Kansai Gaidai University,,34.823216,135.664648,,,Confucius institute,,,,,,,,
,,,,Japan,Confucius Institute at Ritsumeikan Asia Pacific University,,35.033375,135.727624,,,Confucius institute,,,,,,,,
,,,,Japan,Confucius Institute at Ritsumeikan,,,,,,Confucius institute,,,,,,,,
,,,,Japan,Confucius Institute at Yamanashi Gakuin University,,35.657286,138.600931,,,Confucius institute,,,,,,,,
,,,,Japan,Confucius Institute at Musashino University,,35.630985,139.786709,,,Confucius institute,,,,,,,,
,,,,Japan,Chinese Medicine Confucius Institute at Hyogo College of Medicine,,,,,,Confucius institute,,,,,,,,
,,,,Japan,Confucius Institute at Waseda University,,35.698275,139.703721,,,Confucius institute,,,,,,,,
,,,,Japan,Confucius Institute at J. F. Oberlin University,,35.568113,139.396444,,,Confucius institute,,,,,,,,
,,,,Japan,Confucius Institute at Sapporo University,,,,,,Confucius institute,,,,,,,,
,,,,Japan,Confucius Classroom at Kobe Toyo Medical School,,34.692043,135.192253,,,classroom,,,,,,,,
,,,,Japan,Radio Confucius Classroom at Japan-China Friendship Association of Nagano Prefecture,,36.644978,138.181893,,,classroom,,,,,,,,
,,,,Jordan ,Amman TAG-Confucius Institute,,31.973636,35.870879,,,Confucius institute,,,,,,,,
,,,,Jordan ,Confucius Institute at Philadelphia University,,32.16473,35.851551,,,Confucius institute,,,,,,,,
,,,,Kazakhstan,Confucius Institute at Kazakh Ablai Khan University of International Relations and World Languages,,43.244471,76.920442,,,Confucius institute,,,,,,,,
,,,,Kazakhstan,Confucius Institute at Kazakh National University,,43.224946,76.922712,,,Confucius institute,,,,,,,,
,,,,Kazakhstan,Confucius Institute at K. Zhubanov Aktobe State Univeristy,,,,,,Confucius institute,,,,,,,,
,,,,Kazakhstan,Confucius Institute at Karaganda Technical University,,,,,,Confucius institute,,,,,,,,
,,,,Kazakhstan,Confucius Institute at L. N. Gunilyov Eurasian National University,,,,,,Confucius institute,,,,,,,,
,,,,Kenya,Confucius Institute at Egerton University,,,,,,Confucius institute,,,,,,,,
,,,,Kenya,Confucius Institute at Moi University,,,,,,Confucius institute,,,,,,,,
,,,,Kenya,Confucius Institute at Kenyatta University,,-1.292339,36.821214,,,Confucius institute,,,,,,,,
,,,,Kenya,Confucius Institute at the University of Nairobi,,-1.276863,36.804892,,,Confucius institute,,,,,,,,
,,,,Kyrgyzstan,Confucius Institute at Bishkek Humanities University,,42.850339,74.584982,,,Confucius institute,,,,,,,,
,,,,Kyrgyzstan,Confucius Institute at Osh State University,,40.535447,72.802476,,,Confucius institute,,,,,,,,
,,,,Kyrgyzstan,Confucius Institute at Kyrgyz National University,,40.535463,72.802589,,,Confucius institute,,,,,,,,
,,,,Kyrgyzstan,Confucius Institute at Jalal-Abad State University,,40.926137,73.004873,,,Confucius institute,,,,,,,,
,,,,Laos,Confucius Institute at National University of Laos,,18.036151,102.632913,,,Confucius institute,,,,,,,,
,,,,Laos,Confucius Institute at Souphanouvong University,,19.921469,102.186951,,,Confucius institute,,,,,,,,
,,,,Latvia,Confucius Institute at the University of Latvia,,59.438889,24.773435,,,Confucius institute,,,,,,,,
,,,,Lebanon,Confucius Institute at Saint-Joseph University,,33.881441,35.512713,,,Confucius institute,,,,,,,,
,,,,Lesotho,Confucius Classroom at Machabeng College International School,,-29.309399,27.480919,,,classroom,,,,,,,,
,,,,Liberia,Confucius Institute at the University of Liberia,,6.294134,-10.785352,,,Confucius institute,,,,,,,,
,,,,Lithuania,Vilnius University Confucius Institute,,54.683083,25.260796,,,Confucius institute,,,,,,,,
,,,,Luxembourg,Confucius Institute at the University of Luxembourg,,49.504352,5.949936,,,Confucius institute,,,,,,,,
,,,,"Macao, China",Confucius Institute at University of Macau,,22.129873,113.545758,,,Confucius institute,,,,,,,,
https://www.facebook.com/profile.php?id=100063480369835,,,,Madagascar,Confucius Institute at Toamasina University,,-18.133745,49.377218,,"The Confucius Institute at the University of Toamasina was established on September 19, 2014. Providing Chinese language education to people from all walks of life, training Chinese language teachers, conducting Chinese language exams.",Confucius institute,2014,,,,,,,
,,,,Madagascar,Confucius Institute at Antananarivo University,,-18.912665,47.55208,,,Confucius institute,,,,,,,,
https://china.aiddata.org/projects/31285/,,,,Malawi,Confucius Institute at University of Malawi,,-15.389213,35.33725,,"On August 20, 2013, Hanban signed an agreement with the University of Malawi for the construction of a Confucius Institute on its campus. The Institute was inaugurated on August 12, 2016. On September 21, 2018, Chinese Ambassador Liu Hongyang was invited to attend the Confucius Institute Day celebration and the unveiling ceremony of a Confucius statue at the University of Malawi. Those present at the ceremony included: Malawi's Minister of Education represented Zinpita, Deputy Director-General of the Ministry of Culture Mpondamingo, Feng Jianguo, Chinese President of the Ma Dakong Academy, Chinese teachers, students of the Kong Academy, representatives of Chinese-funded enterprises in Malawi, and overseas Chinese.

",Confucius institute,2016,,,,,,,
,,,,Malaysia,Universiti Tunku Abdul Rahman (UTAR),,4.33482,101.135146,,,?,,,,,,,,
,,,,Malaysia,Kong Zi Institute for the Teaching of Chinese Language at University of Malaya,,3.125215,101.659003,,,chinese language,,,,,,,,
,,,,Malaysia,Confucius Institute at University Malaysia Sabah,,6.030816,116.116664,,,Universiti Tunku Abdul Rahman (UTAR),,,,,,,,
,,,,Malaysia,Confucius Institute at SEGi University,,,,,,Confucius institute,,,,,,,,
,,,,Malaysia,Confucius Institute at University College of Technology Sarawak,,2.341069,111.843581,,,Confucius institute,,,,,,,,
,,,,Malaysia," Confucius Classroom at Pay Fong Middle School Malacca
",,2.202027,102.244573,,,classroom,,,,,,,,
,,,,Malaysia,Confucius Classroom at Pay Fong Middle School Malacca,,2.202339,102.244437,,,classroom,,,,,,,,
,,,,Mali,Confucius Institute at University of Letters and Human Science of Bamako,,12.639203,-8.0029,,,Confucius institute,,,,,,,,
,,,,Mali,Confucius Classroom at Lycee Askia Mohamed School,,12.653321,-8.000591,,,classroom,,,,,,,,
,,,,Malta,Confucius Institute at the University of Malta confucius,,35.903181,14.482511,,"The Confucius Institute at the University of Malta (CI at the UM) was established in 2009 through the co-operation between the University of Malta and Xiamen University, with the support of the Confucius Institute Headquarters.",Confucius institute,,,,,,,,
,,,,Mauritania,Confucius Institute at Nouakchott University,,18.161946,-15.992458,,,Confucius institute,,,,,,,,
,,,,Mauritius,Confucius Institute at University of Mauritius,,-20.233863,57.496534,,,Confucius institute,,,,,,,,
,,,,Mexico,Confucius Institute in Mexico City,,19.373709,-99.160636,,,Confucius institute,,,,,,,,
,,,,Mexico,Confucius Institute at University of Guadalajara,,20.674794,-103.358978,,,Confucius institute,,,,,,,,
,,,,Mexico,Confucius Institute at National Autonomous University of Mexico,,19.407828,-99.172335,,,Confucius institute,,,,,,,,
,,,,Mexico,Confucius Institute at Autonomous University of Chihuahua,,28.654592,-106.084519,,,Confucius institute,,,,,,,,
,,,,Mexico,Confucius Institute at Autonomous University of New Leon,,25.611771,-100.277202,,,Confucius institute,,,,,,,,
,,,,Mexico,Confucius Institute at Autonomous University of Yucatan,,20.977802,-89.599222,,,Confucius institute,,,,,,,,
,,,,Moldova,Confucius Institute at Free International University of Moldova,,47.023297,28.837298,,,Confucius institute,,,,,,,,
,,,,Mongolia,Confucius Institute at Khovd University,,,,,,Confucius institute,,,,,,,,
,,,,,Confucius Institute at National University of Mongolia,,,,,,Confucius institute,,,,,,,,
,,,,,Confucius Institute at Mongolian State University of Education,,47.918968,106.925779,,,Confucius institute,,,,,,,,
,,,,,Confucius Classrrom at UI Tsai School,,47.91992,106.929128,,,classroom,,,,,,,,
,,,,,Confucius Classroom at the Second Secondary School of Zamiin-Uud City,,43.719411,111.894003,,,classroom,,,,,,,,
,,,,,,,,,,,,,,,,,,,
,,,,Montenegro,Confucius Institute at University of Montenegro,,42.441649,19.242266,,,Confucius institute,,,,,,,,
,,,,,Tourism Confucius Classroom at the University of Donja Gorica,,42.417366,19.203152,,,Confucius institute,,,,,,,,
,,,,,,,,,,,,,,,,,,,
,,,,Morocco,Confucius Institute at Abdelmalek Essaadi University,,35.560448,-5.364497,,,Confucius institute,,,,,,,,
,,,,,Confucius Institute at Hassan II University,,33.563922,-7.627864,,,Confucius institute,,,,,,,,
,,,,,Confucius Institute at Mohammed V University,,33.985735,-6.862942,,,Confucius institute,,,,,,,,
,,,,,,,,,,,,,,,,,,,
,,,,Mozambique,Confucius Institute at Eduardo Mondlane University,,-19.843246,34.845766,,,Confucius institute,,,,,,,,
,,,,,,,,,,,,,,,,,,,
,,,,Myanmar,"Fu Duo Chinese Language Class 
",,21.820902,96.056771,,,chinese language class,,,,,,,,
,,,,Myanmar,Confucius Classroom at Eastern language &Business centre,,16.789655,96.124138,,,classroom,,,,,,,permanently closed,
,,,,Myanmar,Quality Education Chinese Language Academy- Fuqing Language and Computer School,,16.850591,96.118035,,,chinese language academy,,,,,,,,
,,,,Myanmar,Confucius Classroom at Fuxing Language and Chinese Class,,16.776605,96.149098,,,classroom,,,,,,,,
,,,,Myanmar,Xing Fu Chinese Language Center 幸福汉语课堂,,16.821797,96.183437,,,chinese language center,,,,,,,,
https://www.facebook.com/Confuciusinstituteatunam/,,,,Namibia,Confucius Institute at the University of Namibia,,-26.57435,18.15398,,,Confucius institute,,,,,,,,
,,,,Nepal,China study center ,,27.701846,85.32529,,,china study center ,,,,,,,,
,,,,Nepal,Confucius Institute at Kathmandu University,,27.669837,85.333976,,,Confucius institute,,,,,,,,
,,,,Nepal,Confucius Institute at Tribhuvan University,,27.68045,85.283814,,,Confucius institute,,,,,,,,
,,,,Nepal,Confucius Classroom at LRI(Learning Realm International College),,27.69266,85.274552,,,classroom,,,,,,,,
,,,Kathmandu,Nepal,Nepal Chinese Educational and Cultural Center,,27.707154,85.323257,,,educational cultural center,,,,,,,,
,,,Lalitpur ,Nepal,Confucius institute,,27.670287,85.333583,,,Confucius institute,,,,,,,permanently closed,
,,,,Netherlands,Groningen Confucius Institute,,53.213692,6.57045,,,Confucius institute,,,,,,,,
,,,,,Confucius Institute at Zuyd University of Applied Sciences,,50.881337,5.959297,,,Confucius institute,,,,,,,,
,,,,,,,,,,,,,,,,,,,
,,,,New Zealand,Confucius Institute in Auckland,,-36.850048,174.768955,,,Confucius institute,,,,,,,,
,,,Wellington,New Zealand,Confucius Institute at Victoria University of Wellington,,-41.288118,174.768156,,,Confucius institute,,,,,,,,
https://www.canterbury.ac.nz/research/about-uc-research/research-groups-and-centres/confucius-institute,,,,New Zealand,Confucius Institute at University of Canterbury,,,,,"UC's Confucius Institute (CI) is part of the global CI network. CIUC is managed by the UC (New Zealand), in collaboration with Huazhong University of Science and Technology (China). Learn more about our Confucius Institute.
",Confucius institute,,,,,,,,
,,,,Nigeria,"
Confucius institute of Anambra
",,6.247203,7.121216,,,Confucius institute,,,,,,,,
,,,,Nigeria,"
Confucius Classroom (Chinese School) (extension site) Federal Polytechnic Oko
",,6.058324,7.103824,,,classroom,,,,,,,,
,,,,Nigeria,Confucius Institute at the University of Lagos,,,,,,Confucius institute,,,,,,,,
,,,,Nigeria,Confucius Institute at Nnamdi Azikiwe University,,,,,,Confucius institute,,,,,,,,
,,,,Nigeria,Confucius institute of Onitsha ,,6.226164,7.071658,,,Confucius institute,,,,,,,,
,,,,North Macedonia,Confucius Institute at SS Cyril and Methodius University,,41.997665,21.439463,,,Confucius institute,,,,,,,,
,,,,,,,,,,,,,,,,,,,
,,,,Pakistan,"Confucius Institute at University of Agriculture, Faisalabad",,31.453188,73.05881,,,Confucius institute,,,,,,,,
,,,,,Confucius Institute at University of Karachi,,24.93936,67.113733,,,Confucius institute,,,,,,,,
,,,,,Confucius Institute at University of the Punjab,,31.502349,74.307612,,,Confucius institute,,,,,,,,
,,,,,Confucius Institute in Islamabad,,33.666953,73.047674,,,Confucius institute,,,,,,,,
,,,,,Confucius Institute at University of Sargodha,,32.073773,72.680077,,,Confucius institute,,,,,,,,
,,,,,Confucius Classroom at Cadet College Petaro,,25.539198,68.325681,,,classroom,,,,,,,,
,,,,,Confucius Classroom at The Millennium Education,,,,,,classroom,,,,,,,,
,,,,,,,,,,,,,,,,,,,
,,,,Palestine,Confucius Institute at Al-Quds University,,31.755742,35.260085,,,Confucius institute,,,,,,,,
,,,,,,,,,,,,,,,,,,,
,,,,Panama,Confucius Institute at University of Panama,,8.9835,-79.530824,,,Confucius institute,,,,,,,,
,,,,,,,,,,,,,,,,,,,
,,,,Papua New Guinea,Confucius Institute at Papua New Guinea University of Technology,,-9.464158,147.197647,,,Confucius institute,,,,,,,,
,,,,,,,,,,,,,,,,,,,
,,,,Peru,Confucius Institute at Ricardo Palma University,,-12.131743,-76.979658,,,Confucius institute,,,,,,,,
,,,,Peru,Confucius Institute at Catholic University of Peru,,-12.078796,-77.080942,,,Confucius institute,,,,,,,,
,,,,Peru,Confucius Institute at University of Piura,,-12.120377,-77.031217,,,Confucius institute,,,,,,,,
,,,,Peru,Confucius Institute at Catholic University of Santa Maria,,-16.405834,-71.548946,,,Confucius institute,,,,,,,,
,,,,,,,,,,,,,,,,,,,
,,,,Philippines,Confucius Institute at Bulacan State University,,14.856454,120.813297,,,Confucius institute,,,,,,,definitively closed ,
,,,,Philippines,Confucius Institute at the Ateneo de Manila University,,14.635884,121.077922,,,Confucius institute,,,,,,,,
,,,,Philippines,"Confucius Institute  - Ateneo de Manila University, Salcedo Campus
",,14.635882,121.077921,,,Confucius institute,,,,,,,,
,,,,Philippines,Confucius Institute at the University of the Philippines,,14.577838,120.985715,,,Confucius institute,,,,,,,,
,,,,Philippines,Confucius Institute at Angeles University Foundation,,15.144972,120.594548,,,Confucius institute,,,,,,,,
,,,,Philippines,Confucius institute Ateneo De Davao University,,7.071087,125.613689,,,Confucius institute,,,,,,,,
,,,,Poland,Confucius Institute in Opole,,50.652179,17.904582,,,Confucius institute,,,,,,,temporarily closed,
,,,,Poland,Confucius Institute at Adam Mickiewicz University in Poznan,,52.406063,16.905647,,,Confucius institute,,,,,,,,
,,,,Poland,Confucius Institute at the University of Wroclaw,,51.113837,17.034401,,,Confucius institute,,,,,,,,
,,,,Poland,Confucius Institute at University of Gdańsk,,54.4004,18.568198,,,Confucius institute,,,,,,,,
,,,,Poland,Confucius Institute in Krakow,,50.060485,19.920141,,,Confucius institute,,,,,,,,
,,,,Poland,Confucius Institute at Warsaw University of Technology,,52.218801,21.011924,,,Confucius institute,,,,,,,,
http://instytutkonfucjusza.edu.pl/,,,,Poland,Confucius Classroom at Jagiellonian College,,50.062437,19.919958,,,classroom,,,,,,,,
,,,,,,,,,,,,,,,,,,,
,,,,Portugal,Confucius Institute at University of Porto,,41.148439,-8.614801,,,Confucius institute,,,,,,,,
,,,,Portugal,Confucius Institute at Universidade de Aveiro,,40.634737,-8.657609,,,Confucius institute,,,,,,,,
,,,,Portugal,Confucius Institute at University of Coimbra,,40.209415,-8.424216,,,Confucius institute,,,,,,,,
,,,,Portugal,Confucius Institute at the University of Lisbon,,38.752333,-9.158239,,,Confucius institute,,,,,,,,
,,,,Portugal,Confucius Institute at the University of Minho,,41.560131,-8.3965,,,Confucius institute,,,,,,,,
,,,,,,,,,,,,,,,,,,,
https://china.aiddata.org/projects/30807/,,,,Republic of the Congo,Confucius Institute at University of Marien NGOUABI,,-4.803722,11.844463,,"On June 15, 2012, Hanban signed an agreement with the Republic of Congo and University of Jinan in China to open a new Confucius Institute at Marien Ngouabi University in Brazzaville.",Confucius institute,,,,,,,,
https://www.adiac-congo.com/content/education-des-classes-confucius-au-lycee-de-la-revolution-ceg-gampo-olilou-126070,,,,Republic of the Congo,Confucius Classroom at Revolution-CEG Gampo Olilou,,-4.244525,15.293029,,,classroom,,,,,,,,
,,,,,,,,,,,,,,,,,,,
https://confucius.unibuc.ro/contact/,,,,Romania,Confucius Institute at Transilvania University of Brasov,,45.645128,25.58957,,,Confucius institute,,,,,,,,
https://confucius.unibuc.ro/contact/,,,,Romania,Confucius Institute at the University of Bucharest,,44.435603,26.101823,,,Confucius institute,,,,,,,,
https://confucius.institute.ubbcluj.ro/,,,,Romania,Confucius Institute at Babeş-Bolyai University，Cluj-Napoca,,46.766998,23.592133,,,Confucius institute,,,,,,,,
https://china.aiddata.org/projects/44246/,,,,Romania,Confucius Institute at Lucian Blaga University of Sibiu,,45.790592,24.14519,,"On 21 August, 2006, a Confucius Institute was established at the Lucian Blaga University of Sibiu (Romanian: Universitatea ""Lucian Blaga"" din Sibiu) in partnership with the Beijing Language and Culture University (Chinese: 北京语言大学). On 18 November, 2007, the Confucius Institute was inaugurated.
",Confucius institute,,,,,,,,
https://www.confucius-constanta.ro/,,,,Romania,Confucius Classroom at Ovidius University of Constanta,,44.19486,28.649737,,,classroom,,,,,,,,
,,,,,,,,,,,,,,,,,,,
,,,,Russia,Confucius Institute at Amur State University of Humanities and Pedagogy,,55.733255,37.592098,,,Confucius institute,,,,,,,,
,,,,Russia,Confucius Institute at Blagoveschensk State Pedagogical University,,50.256827,127.541311,,,Confucius institute,,,,,,,,
,,,,Russia,Confucius Institute at Buryat State University,,51.83395,107.579531,,,Confucius institute,,,,,,,,
http://www.confucius-vspu.ru/,,,,Russia,Confucius Institute at Volgograd State Pedagogical University,,48.71521,44.527635,,,Confucius institute,,,,,,,,
https://www.confucius-institute.ru/,,,,Russia,Confucius Institute at Russian State University for the Humanities,,55.730065,37.816601,,,Confucius institute,,,,,,,,
,,,,Russia,Confucius Institute at Kazan Federal University,,55.785044,49.118507,,,Confucius institute,,,,,,,,
https://www.instagram.com/ci_kalmsu,,,,Russia,Confuicius Institute at Kalmyk State University,,46.307895,44.270726,,,Confucius institute,,,,,,,,
http://confucius.kspu.ru/,,,,Russia,Confucius Institute at Krasnoyark State Pdeagogical University of V.P. Astafyev,,56.015141,92.859708,,,Confucius institute,,,,,,,,
https://www.rsu.edu.ru/main/university-today/international-activities/int-projects/confucius/,,,,Russia,Ryazan State University Confucius Institute,,54.624387,39.752228,,,Confucius institute,,,,,,,,
,,,,Russia,Confucius Institute at Lomonosov Moscow State University,,55.701774,37.531915,,,Confucius institute,,,,,,,,
,,,,Russia,Confucius Institute at Saint Petersburg State University,,59.942024,30.298603,,,Confucius institute,,,,,,,,
https://ci.linguanet.ru/,,,,Russia,Confucius Institute at Moscow State Linguistic University,,55.732996,37.592026,,,Confucius institute,,,,,,,,
http://confucius.tsu.ru/,,,,Russia,Confucius Institute at Tomsk State University,,56.469334,84.947505,,,Confucius institute,,,,,,,,
,,,,Russia,Confucius Institute at Ural Federal University,,56.808598,60.616333,,,Confucius institute,,,,,,,,
,,,,Russia,Confucius Institute at Nizhny Novgorod State Linguistic University,,56.324523,44.029019,,,Confucius institute,,,,,,,,
,,,,Russia,Confucius Institute at Novosibirsk State University,,54.987858,82.905908,,,Confucius institute,,,,,,,,
,,,,Russia,Confucius Institute at Irkutsk State University,,52.250989,104.252179,,,Confucius institute,,,,,,,,
,,,,Russia,Confucius Institute at Novosibirsk State Technical University,,54.987561,82.905727,,,Confucius institute,,,,,,,,
,,,,Russia,Confucius Institute at Far Eastern National University,,43.119068,131.885289,,,Confucius institute,,,,,,,,
,,,,Russia,Confucius Classroom at Gymnasium No.2 of Perm,,no info,,,,classroom,,,,,,,,
,,,,Russia,Educational Institution SCHOOL 1948 “Linguist-M” Confucius Classroom,,no info,,,,classroom,,,,,,,,
,,,,Russia,Confucius Classroom at RSVPU,,no info,,,,classroom,,,,,,,,
,,,,Russia,Confucius Classroom based on Private Institution Educational Organization of Supplementary Education 芦Confucius禄 Oriental Languages & Culture Academy,,no info,,,,classroom,,,,,,,,
,,,,,,,,,,,,,,,,,,,
"between 12 and 14 institutes in Rwanda according to http://www.chinafrica.cn/Homepage/202403/t20240322_800360993.html#:~:text=With%2014%20Confucius%20Institutes%20spread,the%20opportunity%20to%20learn%20Chinese. ",,,,Rwanda ,Confucius Institute at University of Rwanda-College of Education,,,,,,Confucius institute,,,,,,,,
,,,,Rwanda ,Confucius Institute at University of Rwanda,,-1.949553,30.123461,,,Confucius institute,,,,,,,,
,,,,Samoa,Confucius Institute at National University of Samoa,,-13.852664,-171.749648,,,Confucius institute,,,,,,,,
,,,,,,,,,,,,,,,,,,,
,,,,San Marino,Confucius Institute at University of the Republic of San Marino,,43.9377,12.445072,,,Confucius institute,,,,,,,,
,,,,,,,,,,,,,,,,,,,
,,,,Sao Tome and Principe,Confucius Institute at Sao Tome and Principe University,,0.325952,6.729769,,,Confucius institute,,,,,,,,
,,,,,,,,,,,,,,,,,,,
,,,,Saudi Arabia,Confucius Institute at University of Jeddah,,21.578936,39.14848,,,Confucius institute,,,,,,,,
,,,,,,,,,,,,,,,,,,,
,,,,Senegal,Confucius Institute at University of Dakar,,14.68963,-17.467888,,,Confucius institute,,,,,,,,
,,,,,,,,,,,,,,,,,,,
,,,,Serbia,Confucius Institute in Belgrade,,"44.825080, ",20.418815,,,Confucius institute,,,,,,,,
https://www.uns.ac.rs/index.php/en/international-cooperation/support/confucius-institute,,,,Serbia,Confucius Institute at University of Novi Sad,,45.24658,19.853771,,"The Confucius Institute at the University of Novi Sad was established by China Confucius Institute Headquarters/Office of Chinese Language Council in May 2014. The organizer is the University of Novi Sad, Serbia, and the co-organizer is Zhejiang Agriculture and Forestry University (ZAFU), China. Since the foundation of the Institute, the Faculty of Philosophy of the University of Novi Sad has been its partner.",Confucius institute,2014,,,,,,,
,,,,,,,,,,,,,,,,,,,
https://unisey.ac.sc/?s=confucius+Institute+&ref=course&post_type=lp_course,,,,Seychelles,Confucius Institute at University of Seychelles,,-4.740428,55.515378,,,Confucius institute,,,,,,,,
,,,,,,,,,,,,,,,,,,,
http://www.chinese.cn/page/?fbclid=IwY2xjawEK_KVleHRuA2FlbQIxMAABHVm0ZxL4rarwLIbWMl7Ee0WRKrwhMIaE4h5hK0YF8qOLDajWFwn9--WkNw_aem_HqNrKBvd919IBvzgZRwBQA#/m_page/m_mainpage,,,,Sierra Leone,Confucius Institute at University of Sierra Leone,,8.477637,-13.220959,,,Confucius institute,,,,,,,,
,,,,,,,,,,,,,,,,,,,
,,,,Singapore,Confucius Institute at the Nanyang Technological University,,1.303792,103.78991,,,Confucius institute,,,,,,,,
,,,,Singapore,Confucius Classroom (Crestar),,1.391834,103.894587,,,classroom,,,,,,,,
,,,,Singapore,Singapore Silk Road Confucius Institute,,,,,,Confucius institute,,,,,,,,
,,,,Singapore,"Confucius Institute 930 Yishun Ave 2, #03-11 Northpoint City North Wing, Singapore 769098",,1.430177,103.835539,,,Confucius institute,,,,,,,,
,,,,Singapore,"Confucius institute 4 Tampines Central 5, #05 - 02, Singapore 529510",,1.352912,103.944621,,,Confucius institute,,,,,,,,
,,,,Singapore,"Confucius institute 209 New Upper Changi Rd, #04-635, Singapour 460209",,1.324713,103.931196,,,Confucius institute,,,,,,,,
,,,,Singapore,"Confucius institute 302 Tiong Bahru Rd, #02-103 Tiong Bahru Plaza, Singapore 168732",,1.286063,103.827255,,,Confucius institute,,,,,,,,
,,,,Singapore,SCCIOB (Singapore Chinese Chamber Institute of Business),,1.293103,103.850326,,,chinese chamber of business,,,,,,,,
interesting paper: https://ceias.eu/wp-content/uploads/2020/12/universities-paper.pdf,,,,Slovakia,Confucius Institute in Bratislava,,48.155012,17.116986,,,Confucius institute,,,,,,,,
,,,,Slovakia,Confucius Institute at Comenius University,,48.141091,17.116079,,,Confucius institute,,,,,,,,
,,,,Slovakia,Confucius Institute for Business at Matej Bel University,,48.733002,19.145543,,,Confucius institute,,,,,,,,
,,,,Slovakia,Traditional Chinese Medicine Confucius Classroom in Slovak Medical University,,,,,,classroom,,,,,,,,
,,,,,,,,,,,,,,,,,,,
,,,,Slovenia,Confucius Institute at University of Ljubljana,,46.074278,14.517303,,,Confucius institute,,,,,,,,
,,,,,,,,,,,Confucius institute,,,,,,,,
,,,,South Africa,Confucius Institute at Durban University of Technology,,-29.848326,31.009117,,,Confucius institute,,,,,,,,
,,,,South Africa,Confucius Institute at Rhodes University,,-33.311154,26.519914,,,Confucius institute,,,,,,,,
,,,,South Africa,Confucius Institute at Stellenbosch University,,-33.88529,18.626224,,,Confucius institute,,,,,,,,
,,,,South Africa,Confucius Institute for Chinese Medicine at the University of the Western Cape,,-33.932557,18.627102,,,Confucius institute,,,,,,,,
,,,,South Africa,Confucius Institute at the University of Johannesburg,,-26.188286,28.000447,,,Confucius institute,,,,,,,,
,,,,South Africa,"Confucius Classroom at the Cape Academy of Mathematics, Science and Technology",,-34.048216,18.429924,,,classroom,,,,,,,,
,,,,South Africa,Confucius Classroom at Westerford High School,,-33.968775,18.465553,,,classroom,,,,,,,,
,,,,South Africa,Confucius Classroom at the Chinese Culture and International Education Exchange Centre,,-25.981158,28.131539,,,classroom,,,,,,,,
,,,,South Africa,Confucius Institute at the University of Cape Town,,-33.957875,18.460636,,,Confucius institute,,,,,,,,
All confucius institutes in Korea: http://www.ieeip.cn/bbx/1071727-1123792.html?id=27381&newsid=712456,,,,South Korea,,,,,,,,,,,,,,,
,,,,South Korea,Rainbow Confucius Institute,,37.459651,126.631925,,,Confucius institute,,,,,,,,
,,,,South Korea,Confucius Institute at Daejin University,,37.871304,127.156712,,,Confucius institute,,,,,,,,
,,,,South Korea,Confucius Institute at Dong-A University,,35.104538,129.018836,,,Confucius institute,,,,,,,,
,,,,South Korea,Confucius Institute at Dongseo University,,35.188616,129.034573,,,Confucius institute,,,,,,,,
,,,,South Korea,Donggangseowon Confucian Academy,,35.998999,129.291671,,,academy,,,,,,,,
,,,,South Korea,Confucius Institute at Andong National university,,36.541895,128.796928,,,Confucius institute,,,,,,,,
,,,,South Korea,Business Confucius Institute at Jeju National University,,33.440139,126.571192,,,Confucius institute,,,,,,,,
,,,,South Korea,Confucius Institute at Hanyang University,,37.555381,127.044476,,,Confucius institute,,,,,,,,
,,,,South Korea,Confucius Institute at Hankuk University of Foreign Studies,,37.597305,127.058959,,,Confucius institute,,,,,,,,
,,,,South Korea,Confucius Institute at Honam University,,35.150337,126.769009,,,Confucius institute,,,,,,,,
,,,,South Korea,Confucius Institute at Cheju Halla College,,33.476992,126.474986,,,Confucius institute,,,,,,,,
,,,,South Korea,Confucius Institute at Kangwon National University,,37.870231,127.742147,,,Confucius institute,,,,,,,,
,,,,South Korea,Confucius Institute at Keimyung University,,35.85949,128.49096,,,Confucius institute,,,,,,,,
,,,,South Korea,Confucius Institute at the University of Incheon,,37.374829,126.632449,,,Confucius institute,,,,,,,,
,,,,South Korea,Confucius Institute at Kyung Hee University,,37.595139,127.0523119,,,Confucius institute,,,,,,,,
,,,,South Korea,Confucius Institute at Daebul University,,,,,,Confucius institute,,,,,,,,
,,,,South Korea,Confucius Institute at Semyung University,,37.1730982,128.1946728,,,Confucius institute,,,,,,,,
,,,,South Korea,Confucius Institute at Yonsei University,,37.3796146,126.6721584,,,Confucius institute,,,,,,,,
,,,,South Korea,Confucius Institute at Soon Chun Hyang University,,36.7695841,126.9325188,,,Confucius institute,,,,,,,,
,,,,South Korea,Confucius Institute at Woosuk University,,35.9125666,127.0671777,,,Confucius institute,,,,,,,,
,,,,South Korea,Confucius Institute at Woosong University,,36.3361461,127.4456116,,,Confucius institute,,,,,,,,
,,,,South Korea,Confucius Institute at wonkwang university,,35.9676373,126.957521,,,Confucius institute,,,,,,,,
,,,,South Korea,Confucius Institute at Chungnam National University,,,,,,Confucius institute,,,,,,,,
,,,,South Korea,Confucius Institute at Chungbuk National University,,36.6315564,127.4559295,,,Confucius institute,,,,,,,,
,,,,South Korea,Confucius Classroom at Incheon International High School,,37.4901185,126.5101446,,,classroom,,,,,,,,
,,,,South Korea,Confucius Classroom at Incheon Shinhyeon High School,,37.4039849,126.7272876,,,classroom,,,,,,,,
,,,,South Korea,Confucius Classroom at Taesung Middle and High School,,37.4032305,126.6456525,,,classroom,,,,,,,,
,,,,South Korea,Confucius Classroom at Hwasan Middle School,,36.0350934,127.1984699,,,classroom,,,,,,,,
https://ci.cn/en/gywm/lc,,,,South Korea,Confucius institute of Seoul,,37.505895,127.003449,,,Confucius institute,,,,,,,,
,,,, Spain,Confucius Institute in Barcelona,,41.383047,2.168758,,,Confucius institute,,,,,,,,
,,,, Spain,Confucius Institute at the University of Granada,,37.174694,-3.603139,,,Confucius institute,,,,,,,,
,,,, Spain,Confucius Institute at University of Castilla-la Mancha,,39.859162,-4.025645,,,Confucius institute,,,,,,,,
,,,, Spain,Confucius Institute at the University of Las Palmas of Gran Canaria,,28.099218,-15.419818,,,Confucius institute,,,,,,,,
,,,, Spain,Confucius Institute at the University of Leon,,42.591618,-5.571701,,,Confucius institute,,,,,,,,
,,,, Spain,Confucius Institute at the University of Zaragoza,,41.639715,-0.898228,,,Confucius institute,,,,,,,,
,,,, Spain,Confucius Institute in Madrid,,40.425262,-3.686366,,,Confucius institute,,,,,,,,
,,,, Spain,Confucius Institute at the University of Seville,,37.37989,-5.991314,,,Confucius institute,,,,,,,,
,,,, Spain,Escuela idiomas_Centro de Cultura China Sevilla (Colegio Chino de Sevilla),,37.369358,-5.961202,,,chinese high school,,,,,,,,
,,,, Spain,Confucius Institute at the University of Valencia,,39.476611,-0.359122,,,Confucius institute,,,,,,,,
,,,,,,,,,,,,,,,,,,,
,,,,Sri Lanka,Confucius Institute at the University of Kelaniya,,6.975288,79.915352,,,Confucius institute,,,,,,,,
,,,,Sri Lanka,Confucius Institute at Colombo University,,6.901698,79.86205,,,Confucius institute,,,,,,,,
,,,,Sri Lanka,Lumbini Confucius Classroom,,6.88388,79.866467,,,classroom,,,,,,,,
,,,,Sri Lanka,Confucius Classroom at Sabaragamuwa University,,6.708314,80.791516,,,classroom,,,,,,,,
,,,,,,,,,,,,,,,,,,,
,,,,Sudan,Confucius Institute at the University of Khartoum,,15.608337,32.538949,,,Confucius institute,,,,,,,,
,,,,,,,,,,,,,,,,,,,
,,,,Suriname,Confucius Institute at the Anton de Kom University of Suriname,,5.814674,-55.212916,,,Confucius institute,,,,,,,,
,,,,,,,,,,,,,,,,,,,
,,,,Switzerland,Confucius Institute of the University of Geneva,,46.240928,6.15197,,,,,,,,,,,
,,,,,,,,,,,Confucius institute,,,,,,,,
,,,,Tajikistan,Confucius Institute at Tajikistan Nationality University,,38.591819,68.774249,,,,,,,,,,,
,,,,Tajikistan,Confucius Institute at Mining-metallurgical Institute of Tajikistan,,40.232469,69.697527,,,Confucius institute,,,,,,,,
,,,,,,,,,,,,,,,,,,,
,,,,Tanzania,Confucius Institute at the University of Dodoma,,-6.213643,35.78827,,"Confucius Institute at the University of Dodoma is an academic unit which is run through collaboration between the University of Dodoma (UDOM), the Chinese International Education Foundation, the Centre for Language Education and Cooperation and Zhengzhou University of Aeronautics (ZUA). CIUDOM officially started in April, 2013, when it was under the college of Humanities and Social Sciences (CHSS). In 2020, CIUDOM was elevated to an independent academic unit offering Bachelor of Arts Degree in Chinese Language.",Confucius institute,,,,,,,,
,,,,Tanzania,Confucius Institute at the University of Dar es Salaam - location 1,,-6.779022,39.201776,,,Confucius institute,,,,,,,,
,,,,Tanzania,Confucius Institute at the University of Dar es Salaam - location 2 ,,-6.776864,39.202297,,,Confucius institute,,,,,,,,
https://www.focac.org/eng/zfgx_4/rwjl/202403/t20240313_11259995.htm,,,,Tanzania,Confucius Classroom at the State University of Zanzibar,,-6.198613,39.307479,,,classroom,,,,,,,,
,,,,Thailand,Confucius Institute of Suan Dusit Rajabhat University at Suphanburi,,14.461563,100.208945,,,Confucius institute,,,,,,,,
,,,,Thailand,Confucius Institute at Burapha University,,13.273073,100.927011,,,Confucius institute,,,,,,,,
,,,,Thailand,Maritime Silk Road Confucius Insititute at Phranakhon Rajabhat University,,13.878509,100.591199,,,Confucius institute,,,,,,,,
,,,,Thailand,Confucius Institute for Traditional Chinese Medicine at Huachiew Chalermprakiet,,13.612855,100.759545,,,Confucius institute,,,,,,,,
,,,,Thailand,Maritime Silk Road Confucius Insititute,,13.871266,100.550471,,,Confucius institute,,,,,,,,
,,,,Thailand,Confucius Institute at Mae Fah Luang University,,20.049091,99.891873,,,Confucius institute,,,,,,,,
,,,,Thailand,Confucius Institute at Khon Kaen University,,16.474365,102.830327,,,Confucius institute,,,,,,,,
,,,,Thailand,Confucius Institute at Mahasarakham University,,16.243898,103.24869,,,Confucius institute,,,,,,,,
,,,,Thailand,Confucius Institute at Kasetsart University,,13.848909,100.570221,,,Confucius institute,,,,,,,,
http://www.asean-china-center.org/english/2010-05/04/c_13277805.htm,,,,Thailand,Confucius Institute at Bansomdejchaopraya Rajabhat University,,13.732075,100.490301,,,Confucius institute,,,,,,,,
http://www.asean-china-center.org/english/2010-05/05/c_13279117.htm,,,,Thailand,Confucius Institute at Chiang Mai University,,18.795649,98.958514,,,Confucius institute,,,,,,,,
http://www.asean-china-center.org/english/2010-05/05/c_13279057.htm,,,,not sure of the location,Confucius Institute at Prince of Songkla University,,7.009226,100.497165,,,Confucius institute,,,,,,,,
,,,,Thailand,Confucius Institute of Betong Municipality,,5.768766,101.074168,,,Confucius institute,,,,,,,,
,,,,Thailand,Confucius Institute at Assumption University,,13.611583,100.837762,,,Confucius institute,,,,,,,,
,,,,Thailand,Confucius Institute at Chulalongkorn University,,13.734925,100.532451,,,Confucius institute,,,,,,,,
,,,,Thailand,Confucius Classroom at Traimit Wittayalai High School,,13.73864,100.514254,,,classroom,,,,,,,,
,,,,Thailand,Confucius Classroom at Srinakorn School,,7.00353,100.476205,,,classroom,,,,,,,,
,,,,Thailand,Confucius Classroom at Chltralada School,,13.766225,100.522634,,,classroom,,,,,,,,
,,,,Thailand,Confucius Classroom at Rayong Wittayakorm School,,12.66686,101.273974,,,classroom,,,,,,,,
,,,,Thailand,Confucius Classroom at Suankularb Wittayalai School,,13.743618,100.498793,,,classroom,,,,,,,,
,,,,Thailand,Confucius Classroom at Swang Boriboon Witaya School,,12.931006,100.914753,,,classroom,,,,,,,,
,,,,Thailand,Confucius Classroom at Lampang Kanlayanee School,,18.285104,99.498694,,,classroom,,,,,,,,
,,,,Thailand,Confucius Classroom at Nawamintharachinuthid Horwang Nonthaburi School,,13.937106,100.54699,,,classroom,,,,,,,,
,,,,Thailand,Confucius Classroom at Phuket Wittayalai School,,7.893181,98.353242,,,classroom,,,,,,,,
,,,,Thailand,Confucius Classroom at Xingmin School,,16.808472,100.258664,,,classroom,,,,,,,,
,,,,,,,,,,,,,,,,,,,
,,,,Timor-Leste,Confucius Classroom at the Institute of Business,,-8.549241,125.543112,,,classroom,,,,,,,,
,,,,,,,,,,,,,,,,,,,
,,,,Togo,Confucius Institute at University of Lome,,6.169544,1.212538,,,Confucius institute,,,,,,,,
,,,,,,,,,,,,,,,,,,,
,,,,Trinidad and Tobago,"Confucius Institute at the University of the West Indies, St. Augustine Campus",,13.135398,-59.629544,,,Confucius institute,,,,,,,,
,,,,,,,,,,,,,,,,,,,
,,,,Tunisia,Confucius Institute at University of Carthage,,36.833711,10.194793,,,Confucius institute,,,,,,,,
,,,,,,,,,,,,,,,,,,,
,,,,Turkey,Confucius Institute at Okan University,,40.951795,29.392065,,,Confucius institute,,,,,,,,
,,,,Turkey,Confucius Institute at Bogazici University,,41.085456,29.045333,,,Confucius institute,,,,,,,,
,,,,Turkey,Confucius Institute at Middle East Technical University,,39.89189,32.777788,,,Confucius institute,,,,,,,,
,,,,Turkey,Confucius Institute at Yeditepe University,,40.971955,29.152204,,,Confucius institute,,,,,,,,
,,,,,,,,,,,,,,,,,,,
,,,,Uganda,Confucius Institute at Makerere University,,0.337014,32.567157,,,Confucius institute,,,,,,,,
,,,,,,,,,,,,,,,,,,,
,,,,Ukraine,Confucius Institute at Kharkiv State University,,50.003979,36.227355,,,Confucius institute,,,,,,,,
,,,,Ukraine,Confucius Institute at Kiev State Linguistic University,,50.425465,30.520851,,,Confucius institute,,,,,,,,
,,,,Ukraine,Confucius Institute at National Taras Shevchenko University of Kyiv,,50.441856,30.51152,,,Confucius institute,,,,,,,,
,,,,Ukraine,Confucius Institute at Ternopil V. Hnatiuk National Pedagogical University,,49.545467,25.566173,,,Confucius institute,,,,,,,,
https://pdpu.edu.ua/informatsiya/abiturientam,,,,Ukraine,Confucius Institute at South Ukranian National Pedagogical University,,46.477909,30.739549,,,Confucius institute,,,,,,,,
,,,,Ukraine,Confucius Institute at Vinnytsia National Technical University,,49.229488,28.406624,,,Confucius institute,,,,,,,,
,,,,Ukraine,Confucius Classroom at Ukrainian National Tckaikovsky Academy of Music,,50.448556,30.525282,,,classroom,,,,,,,,
,,,,Ukraine,"Confucius Classroom at Zaporizhazhya National University, Ukraine",,47.818278,35.182088,,,classroom,,,,,,,,
,,,,,,,,,,,,,,,,,,,
,,,,United Arab Emirates,Confucius Institute at University of Dubai,,25.106566,55.415043,,,Confucius institute,,,,,,,,
https://www.cizu.org/,,,,United Arab Emirates,Confucius Institute at Zayed University,,24.393472,54.584375,,,Confucius institute,,,,,,,,
,,,,United Arab Emirates,"Chinese language institute Dubai - Hummingbird DIFC
",,25.21187,55.278804,,,language institute,,,,,,,permanently closed,
,,,,United Arab Emirates,Chinese language institute Dubai,,25.229581,55.287285,,,language institute,,,,,,,permanently closed,
,,,,United Kingdom,Confucius Institute at the University of Aberdeen,,57.164996,-2.102116,,"The Confucius Institute of the University of Aberdeen, established 27th September 2013, provides Chinese language teaching and culture classes and cultural events to the North East Scotland community, including University staff and students, schools, business and industry, and community organisations and individuals.",Confucius institute,,,,,,,,
https://www.kingsfordschool.org.uk/185/a-confucius-classroom,,,,United Kingdom,Confucius Classroom in Kingsford community school,,51.51343,0.054752,,,classroom,,,,,,,,
https://www.confuciusinstitute.ac.uk/,,,,United Kingdom,Confucius Institute for Scotland in the University of Edinburgh,,55.937281,-3.169131,,"The Confucius Institute for Scotland in the University of Edinburgh is a national centre promoting educational and cultural ties between Scotland and China. Set up with Sino-Scottish Government backing and partnered with Fudan University the institute was established in 2006, the first in Scotland.",Confucius institute,,,,,,,,
https://www.ulster.ac.uk/confucius,,,,United Kingdom,Confucius Institute for Northern Ireland at Ulster University,,55.149718,-6.67517,,"The Confucius Institute at the Ulster University (CIUU) was established in 2011 to develop academic, cultural, economic and social ties between Northern Ireland and China.
",Confucius institute,,,,,,,,
https://www.dmu.ac.uk/community/confucius-institute/index.aspx,,,,United Kingdom,Confucius Institute at De Montfort University,,52.629807,-1.139889,,"The Confucius Institute at De Montfort University (DMU CI) is a vibrant celebration of Chinese language and culture, providing an insight for students, staff and the wider community. It was co-founded by the University of Science and Technology in Beijing (USTB), the Chinese partner university of DMU CI.",Confucius institute,,,,,,,,
https://www.bangor.ac.uk/confucius#about,,,,United Kingdom,Confucius Institute at Bangor University,,53.229875,-4.130156,,"The inception of the Confucius Institute at Bangor University took place in September 2012, contributing to a vast network of more than 500 similar institutions globally. In the United Kingdom, there are presently 30 Confucius Institutes, with three of them located at distinguished Welsh universities - Bangor, Cardiff, and the University of Wales Trinity St. David.",Confucius institute,,,,,,,,
https://www.gla.ac.uk/explore/confucius/aboutus/,,,,United Kingdom,Confucius Institute at the University of Glasgow,,55.871989,-4.288645,,"Founded in 2011, the Confucius Institute at the University of Glasgow is an educational and cultural exchange partnership with Nankai University, receiving support from the Centre for Language Education and Cooperation (CLEC).",Confucius institute,,,,,,,,
,,,,United Kingdom,Confucius Institute of Science and Technology Innovation at the University of Huddersfield,,53.643093,-1.776351,,,Confucius institute,,,,,,,,
,,,,United Kingdom,Confucius Institute at The University of Hull,,,,,,Confucius institute,,,,,,,,
https://www.coventry.ac.uk/study-at-coventry/student-support/enhance-your-employability/global-opportunities/confucius-institute/,,,,United Kingdom,Confucius Institute at Coventry University,,52.407559,-1.502454,,"The Confucius Institute at Coventry University (CICU) was established in 2016 as a collaboration between Coventry University and Jiangxi University of Finance and Economics - a renowned Chinese institution ranked 7th among universities specialising in finance and economics in China.The Confucius Institute at Coventry University (CICU) was established in 2016 as a collaboration between Coventry University and Jiangxi University of Finance and Economics - a renowned Chinese institution ranked 7th among universities specialising in finance and economics in China.

",Confucius institute,,,,,,,,
,,,,United Kingdom,Confucius Institute at Cardiff University,,,,,,Confucius institute,,,,,,,,
https://www.lancaster.ac.uk/confucius-institute/about-us/,,,,United Kingdom,Confucius Institute at Lancaster University,,54.012487,-2.784456,,"Our Confucius Institute is a regional and national leader in bridging China and Great Britain, a centre for immersion in Mandarin language, culture, research, teaching and collaboration.

The Institute opened on 20th December 2011, a partnership between Lancaster University and South China University of Technology in Guangzhou.",Confucius institute,,,,,,,,
https://www.uclan.ac.uk/centres/confucius-institute,,,,United Kingdom,Confucius Institute at the University of Central Lancashire,,53.764366,-2.708221,,"The UCLan Confucius Institute was launched at the University of Central Lancashire in 2008. We are partnered with Beijing International Studies University, authorized by Chinese International Education Foundation, and supported by the Centre for Language Education and Cooperation.",Confucius institute,,,,,,,,
https://www.liverpool.ac.uk/confucius-institute/,,,,United Kingdom,Confucius Institute at University of Liverpool,,53.404619,-2.965102,,"Beginning in 2009, the Liverpool Confucius Institute (LCI) is a collaborative project between the University of Liverpool (UoL), Xi'an Jiaotong University (XJTU) and the Chinese International Education Foundation. The LCI is committed to working with UoL, XJTU, local Liverpool and Merseyside councils, cultural organisations, schools and the public for the promotion of Chinese language and culture.
",Confucius institute,,,,,,,,
https://confucius.leeds.ac.uk/about/,,,,United Kingdom,Business Confucius Institute at the University of Leeds,,53.806865,-1.557902,,"The Business Confucius Institute is a partnership between the University of Leeds and the University of International Business and Economics, authorised by The Chinese International Education Foundation (CIEF) and supported by The Centre for Language Education and Cooperation (CLEC).",Confucius institute,,,,,,,,
https://www.gold.ac.uk/confucius-institute/about-us/,,,,United Kingdom,"Confucius Institute for Dance and Performance at Goldsmiths, University of London",,51.474608,-0.036968,,"Goldsmiths Confucius Institute for Dance and Performance was founded in summer 2012 as a collaboration between Goldsmiths, Beijing Dance Academy and Chinese Language Education Centre (formerly named Hanban or Confucius Institute Headquarters).",Confucius institute,,,,,,,,
,,,,United Kingdom,Confucius Institute at UCL IOE,,51.522676,-0.128716,,,Confucius institute,,,,,,,,
https://www.lse.ac.uk/cibl/about-us,,,,United Kingdom,"Confucius Institute for Business, London/ Confucius Institute for Business LSE , London ",,51.521273,-0.084094,,"The Confucius Institute for Business London (CIBL) is a non-profit educational partnership between LSE and Tsinghua University. It was launched in 2006 with five sponsoring companies: HSBC, BP, Deloitte, Swire and Standard Chartered. Specialising in business communication, CIBL helps London business communities to learn Mandarin and to develop their understanding of business cultures in China.",Confucius institute,,,,,,,,
https://www.qmul.ac.uk/sllf/language-centre/confucius-institute/about-us/,,,,United Kingdom,Confucius Institute at Queen Mary University of London,,51.524938,-0.042095,,"The Queen Mary Confucius Institute, a collaboration between Queen Mary University of London and Beijing University of Posts and Telecommunications (BUPT), aims to expand global opportunities for students, staff and the local communities of each university, by strengthening educational exchanges, teaching Mandarin Chinese language, assessing Chinese language proficiency, and by developing inter-cultural awareness through hosting Chinese cultural events.",Confucius institute,,,,,,,,
https://lsbu-confucius.london/about/,,,,United Kingdom,"Confucius Institute for Traditional Chinese Medicine, London",,51.498891,-0.102857,,"CITCM was founded in 2007, and since then, we have received many awards including the Confucius Institute of the Year Award (2009, 2010, 2011, 2012 and 2013) and Model Confucius Institute status (2014). 

",Confucius institute,,,,,,,,
"https://www.confuciusinstitute.manchester.ac.uk/about/#:~:text=Our%20main%20purpose%20is%20the,our%20vibrant%20public%20events%20programme.",,,,United Kingdom,Confucius Institute at the University of Manchester,,53.466836,-2.234341,,"The Institute received its approval in July 2005 and was formally launched in October 2006.

A partnership between The University of Manchester, the Center for Language Education and Cooperation (CLEC) and Beijing Normal University, Manchester is the proud home to the second Confucius Institute to be established in the UK.",Confucius institute,,,,,,,,
https://www.southampton.ac.uk/ci/whoweare/index.page,,,,United Kingdom,Confucius Institute at the University of Southampton,,50.935822,-1.396663,,"The University of Southampton Confucius Institute (CI) was formally opened in October 2011 in collaboration with our Chinese partners at Xiamen University, P.R. China. Since that date we have been working on a series of workshops and events to raise the profile of the Confucius Institute at the University and amongst the local community.

",Confucius institute,,,,,,,,
https://www.ccsp.ox.ac.uk/about-china-centre,,,,United Kingdom,University of Oxford China Centre,,51.765622,-1.262846,,"The University of Oxford China Centre was launched in May 2008. It joins together academics from across the whole University, co-ordinating activities in all areas of study of China, with OSGA's Contemporary China Studies serving as a key stakeholder and partner.
",china center,,,,,,,,
https://www.brookes.ac.uk/confucius-institute/about,,,,United Kingdom,Confucius Classroom at Oxford Brooks University,,51.754911,-1.223824,,"A non-profit collaboration, the Confucius Institute at Oxford Brookes University (CIOBU) is the first Confucius Institute in the world co-established by a university and a publishing company in China (Foreign Language Teaching and Research Press). Publishing is the specialist focus of CIOBU, making CIOBU a unique presence among all the Confucius Institutes around the globe. In April 2016, CIOBU officially opened its doors and began working toward promoting Chinese language and culture, as well as offering publishing-related activities. CIOBU commits to aiding co-operation between Chinese and UK publishing whilst encouraging Chinese Language Teaching (CLT) or China-related publications.",classroom,,,,,,,,
,,,,United Kingdom,Confucius Institute in Newcastle,,,,,,Confucius institute,,,,,,,,
https://www.nottingham.ac.uk/confucius/about/index.aspx,,,,United Kingdom,Confucius Institute at the University of Nottingham,,52.938733,-1.198045,,"Established in 2007, the Nottingham Confucius Institute at the University of Nottingham is a partnership between The University of Nottingham, Chinese International Education Foundation (CIEF) and Fudan University. Its principal remit is to develop and enhance educational, economic and cultural links between the UK and China.",Confucius institute,,,,,,,,
,,,,United Kingdom,Scottish Confucius Institute for Business and Communication,,,,,,Confucius institute,,,,,,,,
,,,,United Kingdom,Confucius Institute at the University of Wales Trinity Saint David,,,,,,Confucius institute,,,,,,,,
https://www.strath.ac.uk/humanities/confuciusinstituteforscotlandsschools/aboutus/,,,,United Kingdom,Confucius Institute for Scotland’s Schools,,55.859696,-4.244793,,"Launched in June 2012, the Confucius Institute for Scotland’s Schools (CISS) is the first government initiated Confucius Institute in the UK, jointly established by the University of Strathclyde, Scotland’s National Centre for Languages and the Tianjin Municipal Education Commission. 
",Confucius institute,,,,,,,,
https://www.sheffield.ac.uk/confucius,,,,United Kingdom,Confucius Institute at the University of Sheffield,,53.381281,-1.488408,,,Confucius institute,,,,,,,,
,,,,United Kingdom,Confucius Instittue at Edge Hill university,,53.46675,-2.234357,,,Confucius institute,,,,,,,,
,,,,United Kingdom,Confucius Classroom at Ballakermeen High School,,54.154305,-4.493337,,,classroom,,,,,,,,
,,,,United Kingdom,Confucius Classroom at Hautlieu School,,49.192905,-2.092282,,,classroom,,,,,,,,
https://chethamsschoolofmusic.com/blog/worlds-first-chinese-music-classroom-opens-at-chethams-school-of-music/,,,,United Kingdom,The Chinese Music Classroom at Chetham’s School of Music,,53.486375,-2.243522,,,classroom,,,,,,,,
https://www.smschool.us/learning/the-confucius-classroom,,,not sure of the location ,United Kingdom,St Mary’s Confucius Classroom,,51.523618,-0.12914,,,classroom,,,,,,,,
https://confucius-institute.open.ac.uk/,,,,United Kingdom,Online Confucius Institute at The Open University,,-,-,,,Confucius institute,,,,,,,,
,,,,United States,Confucius Institute U.S. Center,,38.908323,-77.041415,,,Confucius institute,,,,,,,,
,,,,United States,Confucius Institute at Alfred University,,42.251704,-77.789543,,,Confucius institute,,,,,,,,
,,,,United States,Confucius Institute at China Institute,,,,,,Confucius institute,,,,,,,,
,,,,United States,Confucius Institute of the State of Washington,,,,,,Confucius institute,,,,,,,,
,,,,United States,Confucius Institute in San Diego at San Diego Global Educational Institute,,32.777758,-117.073854,,,Confucius institute,,,,,,,permanently closed,
,,,,United States,Confucius Institute at Webster University,,38.589285,-90.343935,,,Confucius institute,,,,,,,,
,,,,United States,Confucius Institute of Western Kentucky,,36.983173,-86.454961,,,Confucius institute,,,,,,,permanently closed,
,,,grand canyon,United States,"Confucius Temple - not a confucius institute, but a hill named in the honor of Confucius ",,36.179045,-112.222011,,,not educational,,,,,,,,
,,,,United States,Arizona Confucius Institute of Traditional Chinese Medicine/ Asian Institute of Medical,,32.260939,-110.928695,,,classroom,,,,,,,permanently closed,
,,,,United States,Confucius Classroom at Berwick Academy,,43.230078,-70.80414,,,classroom,,,,,,,,
,,,,United States,"Colorado Chinese Medicine University
",,"39.739194, 
",-104.960049,,,medicine university,,,,,,,,
,,,,United States,"Colorado Chinese Language School 科州中文學校
",,39.703124,-104.967777,,,language school,,,,,,,,
,,,,United States,"Confucius Institute At Community College Of Denver
",,39.742099,-105.001443,,,Confucius institute,,,,,,,permanently closed,
,,,,United States,Confucius Classroom at Fisher Elementary School,,33.158666,-96.868493,,,classroom,,,,,,,,
,,,Minneapolis,United States,"
The Confucius Institute of Minneapolis
",,44.978526,-93.232475,,,Confucius institute,,,,,,,permanently closed,
,,,,United States,Confucius Classroom at Germantown Academy,,39.151284,-77.279189,,,classroom,,,,,,,,
,,,,United States,Confucius Classroom at Maryknoll School,,21.301768,-157.834581,,,classroom,,,,,,,,
https://asiasociety.org/education/minnetonka-public-schools-minnesota,,,,United States,Confucius Classroom at Minnetonka Public Schools,,44.901318,-93.509968,,"In the Chinese immersion programs, the pioneer group of students is now transitioning into high school as 9th grade students. In order to sustain the students’ interest and motivation in immersion classes, a Capstone Learning Abroad Experience to China was integrated into the strategic planning of the program.",classroom,,,,,,,,
,,,"Durham, New Hampshire ",United States,Confucius Classroom in Oyster River School District,,43.138629,-70.919616,,,classroom,,,,,,,,
https://www.smschool.us/learning/the-confucius-classroom,,,,United States,Confucius Classroom at St. Mary’s School,,33.976601,-118.041855,,"Established in June of 2008, St. Mary's School was the first Confucius Classroom established in North or South America. As a Confucius Classroom, students and community members have unprecedented access to Chinese language studies, travel to China, and friendship-building opportunities with Chinese students, teachers, and professors.",classroom,,,,,,,,
,,,,United States,Confucius Classroom at Cedarlane Middle School,,33.998982,-117.951287,,,classroom,,,,,,,,
https://m.youtube.com/watch?v=TJImUtzrgP0,,,,United States,Confucius Classroom at Shake Heights High School,,41.472994,-81.568166,,The high school has a Confucius Classroom supported by the Confucius Institute and the Office of Chinese Language Council International (Hanban),classroom,,,,,,,operating,
,,,,United States,Confucius Classroom at Johnson University,,,,,,classroom,,,,,,,,
,,,Ohio ,United States,Confucius Institute at East Central Ohio Educational Service Center,,40.01309,-82.914205,,,Confucius institute,,,,,,,,
,,,Ohio ,United States,Columbus school of chinese ,,40.052169,-83.061234,,,school of chinese,,,,,,,,
,,,Ohio ,United States,Ohio chinese school,,40.108105,-82.945932,,,school of chinese,,,,,,,,
https://www.washingtonexaminer.com/news/1084869/china-on-campus-confucius-institutes-collapse-nationwide/; https://usa.chinadaily.com.cn/2013-04/10/content_16389459.htm; ,,,New York City,USA,Columbia University,,40.80779,-73.95967,,"A 2013 article by Chinese state-run China Daily celebrated the opening of Columbia’s Confucius Institute as part of a partnership with Renmin University, writing that, in 2010, Hanban had “pledged Columbia $1 million to be distributed to the institute over five years to fund its research projects and Chinese culture events.” ",Confucius Institute,2013,2018,,"1,000,000",USD, Office of Chinese Language Council International,Closed,
https://udelar.edu.uy/confucio/,,,,Uruguay,"Confucius Institute at the Universidad de la Republica, Uruguay",,-34.891676,-56.158958,,,Confucius Institute,,,,,,,,
,,,,,,,,,,,,,,,,,,,
,,,,Uzbekistan,Confucius Institute at Samarkand State Institute of Foreign Languages,,39.651354,66.964883,,,Confucius Institute,,,,,,,,
,,,,Uzbekistan,Confucius Institute in Tashkent State Institute of Oriental Studies,,41.29863,69.274815,,,Confucius Institute,,,,,,,,
,,,,,,,,,,,,,,,,,,,
,,,,Venezuela,Confucius Institute at Universidad Bolivariana de Venezuela,,10.48768,-66.885442,,,Confucius Institute,,,,,,,,
,,,,,,,,,,,,,,,,,,,
https://www.facebook.com/vienkhongtuhanuvn,,,,Vietnam,Confucius Institute at Hanoi University,,21.039025,105.781682,,,Confucius Institute,,,,,,,,
,,,,,,,,,,,,,,,,,,,
,,,,Zambia,Confucius Institute at University of Zambia,,-15.390748,28.329633,,,Confucius Institute,,,,,,,,
,,,,Zambia,Confucius Classroom at Sino-Zam Vocational College of Science and Technology,,-13.143607,28.416322,,,classroom,,,,,,,,
,,,,,,,,,,,,,,,,,,,
,,,,Zimbabwe,Confucius Institute at the University of Zimbabwe,,-17.780429,31.05104,,,Confucius Institute,,,,,,,,